chunk_offset	section_number	chunk_section_ref	record_section_ref	record_index	group_key	group_name	world_x	world_y	world_z
0x195A0B20	5	143	143	0	0x378D447E	fxenv_fog1	4273.351	2760.258	116.89872
0x195A0B20	5	143	143	1	0x378D447E	fxenv_fog1	4417.043	2765.9614	116.31545
0x195A0B20	5	143	143	2	0x378D447E	fxenv_fog1	4418.4316	2754.7231	116.31545
0x195A0B20	5	143	143	3	0x378D447E	fxenv_fog1	4403.855	2785.9514	116.28579
0x195A0B20	5	143	143	4	0xEFA8FADF	fxenv_torchfire2	4395.208	2704.8271	144.0797
0x195A0B20	5	143	143	5	0xEFA8FADF	fxenv_torchfire2	4392.3706	2715.3196	144.0797
0x195A0B20	5	143	143	6	0xEFA8FADF	fxenv_torchfire2	4383.848	2747.0278	144.0797
0x195A0B20	5	143	143	7	0xEFA8FADF	fxenv_torchfire2	4381.0107	2757.5203	144.0797
0x195A0B20	5	143	143	8	0xEFA8FADF	fxenv_torchfire2	4256.951	2765.25	144.7481
0x195A0B20	5	143	143	9	0xEFA8FADF	fxenv_torchfire2	4246.182	2763.7773	144.7481
0x195A0B20	5	143	143	10	0xEFA8FADF	fxenv_torchfire2	4289.461	2770.0125	144.7481
0x195A0B20	5	143	143	11	0xEFA8FADF	fxenv_torchfire2	4300.2305	2771.4849	144.7481
0x196C6AE0	5	144	144	0	0x0B9204CE	fxenv_fog1thick	3446.433	2399.0603	53.80952
0x197D3C60	5	145	145	0	0x378D447E	fxenv_fog1	3978.821	1746.4486	110.64412
0x197D3C60	5	145	145	1	0x378D447E	fxenv_fog1	3973.88	1816.459	111.43405
0x197D3C60	5	145	145	2	0x378D447E	fxenv_fog1	3977.4265	1836.4922	111.36294
0x197D3C60	5	145	145	3	0x378D447E	fxenv_fog1	3968.6733	1886.3906	111.74976
0x19DE4D60	5	148	148	0	0x0B9204CE	fxenv_fog1thick	4078.5842	3307.4043	194.26445
0x19DE4D60	5	148	148	1	0x85676C22	fxenv_fountain2	3890.7065	3440.919	194.3893
0x19DE4D60	5	148	148	2	0x85676C22	fxenv_fountain2	3889.635	3436.3909	198.61015
0x19FA57B0	5	149	149	0	0x8010A402	fxenv_fountain1	3888.6797	3058.709	178.19882
0x19FA57B0	5	149	149	1	0x8010A402	fxenv_fountain1	3885.008	3055.4463	178.15758
0x19FA57B0	5	149	149	2	0x8010A402	fxenv_fountain1	3884.907	3054.0435	177.09866
0x19FA57B0	5	149	149	3	0x8010A402	fxenv_fountain1	3889.3582	3055.394	176.80171
0x19FA57B0	5	149	149	4	0x8010A402	fxenv_fountain1	3888.807	3060.7104	176.80171
0x1A311AF0	5	152	152	0	0x0B9204CE	fxenv_fog1thick	2775.4788	1916.3842	126.15954
0x1A3FF340	5	153	153	0	0x0B9204CE	fxenv_fog1thick	2648.0146	2601.6316	173.34497
0x1A484DA0	5	154	154	0	0x0B9204CE	fxenv_fog1thick	3140.0417	2083.3528	67.03726
0x1AA90380	5	159	159	0	0x378D447E	fxenv_fog1	3631.3662	3360.8862	224.42636
0x1AA90380	5	159	159	1	0x378D447E	fxenv_fog1	3682.6729	3358.4062	221.5631
0x1AB1C990	5	160	160	0	0x378D447E	fxenv_fog1	4025.2444	3543.2378	203.72852
0x1AB1C990	5	160	160	1	0x378D447E	fxenv_fog1	4006.8247	3556.1133	204.98563
0x1AB1C990	5	160	160	2	0x378D447E	fxenv_fog1	3994.9446	3574.324	205.46736
0x1AB1C990	5	160	160	3	0x378D447E	fxenv_fog1	3972.181	3598.3577	205.51653
0x1AB1C990	5	160	160	4	0x378D447E	fxenv_fog1	3955.5178	3608.7183	206.27225
0x1AB1C990	5	160	160	5	0x0B9204CE	fxenv_fog1thick	4167.7217	3711.3855	221.62277
0x1AE13870	5	161	161	0	0x378D447E	fxenv_fog1	4036.9163	2283.7488	128.89693
0x1AFD3F20	5	162	162	0	0xE016F4CB	fxenv_torchfire4	4195.008	2531.227	145.35947
0x1AFD3F20	5	162	162	1	0x378D447E	fxenv_fog1	4264.3955	2703.8496	122.96484
0x1AFD3F20	5	162	162	2	0x378D447E	fxenv_fog1	4253.3667	2687.247	124.66585
0x1AFD3F20	5	162	162	3	0x378D447E	fxenv_fog1	4219.7017	2650.392	130.02466
0x1AFD3F20	5	162	162	4	0x378D447E	fxenv_fog1	4196.1123	2583.7288	136.82512
0x1AFD3F20	5	162	162	5	0x378D447E	fxenv_fog1	4189.285	2608.577	136.00711
0x1AFD3F20	5	162	162	6	0x378D447E	fxenv_fog1	4214.241	2531.8174	138.92224
0x1AFD3F20	5	162	162	7	0x378D447E	fxenv_fog1	4247.393	2527.4128	138.69893
0x1AFD3F20	5	162	162	8	0x378D447E	fxenv_fog1	4288.1074	2555.556	135.62411
0x1AFD3F20	5	162	162	9	0x378D447E	fxenv_fog1	4285.9165	2579.2932	131.69986
0x1AFD3F20	5	162	162	10	0x378D447E	fxenv_fog1	4296.243	2603.071	128.40121
0x1AFD3F20	5	162	162	11	0xE016F4CB	fxenv_torchfire4	4246.9775	2511.048	145.35947
0x1AFD3F20	5	162	162	12	0x36FB97EF	fxenv_fountain4	4286.276	2680.1565	130.41222
0x1AFD3F20	5	162	162	13	0x36FB97EF	fxenv_fountain4	4280.769	2671.265	130.41222
0x1AFD3F20	5	162	162	14	0x36FB97EF	fxenv_fountain4	4274.3535	2661.1646	130.41222
0x1AFD3F20	5	162	162	15	0x437A9A0B	fxwtr_fountain1	4240.598	2578.7195	150.92549
0x1AFD3F20	5	162	162	16	0x36FB97EF	fxenv_fountain4	4234.9043	2575.067	139.90953
0x1AFD3F20	5	162	162	17	0x36FB97EF	fxenv_fountain4	4233.6074	2580.1562	139.90953
0x1AFD3F20	5	162	162	18	0x36FB97EF	fxenv_fountain4	4239.819	2585.8208	139.90953
0x1AFD3F20	5	162	162	19	0x36FB97EF	fxenv_fountain4	4244.1235	2584.8877	139.90953
0x1AFD3F20	5	162	162	20	0x36FB97EF	fxenv_fountain4	4246.3438	2575.3525	139.90953
0x1AFD3F20	5	162	162	21	0x36FB97EF	fxenv_fountain4	4243.4893	2572.562	139.90953
0x1B0CC040	5	163	163	0	0x39C8DA21	fxenv_torchfire1	4421.3433	2536.8071	143.93004
0x1B4E8140	5	164	164	0	0x67306F57	fxenv_fountain3	3908.7148	3159.4832	180.45003
0x1B4E8140	5	164	164	1	0x67306F57	fxenv_fountain3	3910.0078	3157.5088	180.4585
0x1B4E8140	5	164	164	2	0x437A9A0B	fxwtr_fountain1	3910.3845	3158.8965	180.17773
0x1B603620	5	166	166	0	0x0B9204CE	fxenv_fog1thick	3157.9636	1700.9844	77.14754
0x1B603620	5	166	166	1	0x0B9204CE	fxenv_fog1thick	3093.297	1704.0831	82.96865
0x1B603620	5	166	166	2	0xF8170EED	fxenv_fog2	3209.258	1660.3828	112.07129
0x1B603620	5	166	166	3	0xF8170EED	fxenv_fog2	3128.808	1622.1586	112.07129
0x1B6F5A80	5	167	167	0	0x67306F57	fxenv_fountain3	3532.216	3529.9297	212.34866
0x1B6F5A80	5	167	167	1	0x67306F57	fxenv_fountain3	3544.0378	3534.1633	210.92914
0x1B6F5A80	5	167	167	2	0x67306F57	fxenv_fountain3	3540.866	3535.0984	211.88074
0x1B6F5A80	5	167	167	3	0x378D447E	fxenv_fog1	3536.6445	3505.3047	213.77214
0x1B871E30	5	168	168	0	0x0B9204CE	fxenv_fog1thick	3344.1777	2361.111	53.80952
0x1B871E30	5	168	168	1	0x0B9204CE	fxenv_fog1thick	3378.6362	2499.4363	53.80952
0x1B904C20	5	171	171	0	0x378D447E	fxenv_fog1	4508.273	2673.9993	114.03823
0x1B904C20	5	171	171	1	0x378D447E	fxenv_fog1	4570.3345	2655.9177	112.200356
0x1B904C20	5	171	171	2	0x378D447E	fxenv_fog1	4559.9946	2658.9106	112.36361
0x1B904C20	5	171	171	3	0x378D447E	fxenv_fog1	4525.56	2696.0256	114.08818
0x1B904C20	5	171	171	4	0x378D447E	fxenv_fog1	4495.0156	2689.4968	114.95331
0x1B904C20	5	171	171	5	0x378D447E	fxenv_fog1	4507.373	2705.2224	114.93333
0x1B904C20	5	171	171	6	0x378D447E	fxenv_fog1	4491.6494	2717.587	115.79166
0x1B904C20	5	171	171	7	0x378D447E	fxenv_fog1	4476.809	2698.7249	115.79166
0x1B904C20	5	171	171	8	0x378D447E	fxenv_fog1	4463.568	2714.2378	116.40078
0x1B904C20	5	171	171	9	0x378D447E	fxenv_fog1	4475.9404	2729.9514	116.38079
0x1B904C20	5	171	171	10	0x378D447E	fxenv_fog1	4539.792	2649.3127	112.56862
0x1B94F2E0	5	172	172	0	0x36FB97EF	fxenv_fountain4	4038.7805	2686.3584	144.70648
0x1B94F2E0	5	172	172	1	0x36FB97EF	fxenv_fountain4	4031.625	2694.3013	145.56905
0x1B94F2E0	5	172	172	2	0x36FB97EF	fxenv_fountain4	4021.6396	2702.8665	146.55826
0x1B94F2E0	5	172	172	3	0x36FB97EF	fxenv_fountain4	4010.562	2709.3528	147.0955
0x1B94F2E0	5	172	172	4	0x36FB97EF	fxenv_fountain4	4041.9937	2688.954	144.70648
0x1BA13C40	5	176	176	0	0xF8170EED	fxenv_fog2	3198.2651	2357.875	55.044147
0x1BA13C40	5	176	176	1	0x15006165	fxenv_fog2thick	2946.6343	2307.472	63.23546
0x1BA13C40	5	176	176	2	0x15006165	fxenv_fog2thick	2984.6167	2323.0598	63.235394
0x1BA13C40	5	176	176	3	0x15006165	fxenv_fog2thick	3015.29	2348.757	63.23541
0x1BA13C40	5	176	176	4	0x15006165	fxenv_fog2thick	3056.6277	2360.5078	63.23541
0x1BA13C40	5	176	176	5	0x15006165	fxenv_fog2thick	2915.3354	2287.0698	63.23544
0x1BA13C40	5	176	176	6	0x31E6B159	fxenv_fountain7	2888.918	2319.3296	115.21241
0x1BA13C40	5	176	176	7	0x31E6B159	fxenv_fountain7	2919.2183	2344.208	117.616745
0x1BA13C40	5	176	176	8	0x31E6B159	fxenv_fountain7	2953.4968	2370.05	117.61674
0x1BA13C40	5	176	176	9	0x31E6B159	fxenv_fountain7	2993.249	2388.9653	117.61672
0x1BA13C40	5	176	176	10	0x31E6B159	fxenv_fountain7	3033.4368	2404.9775	115.212364
0x1C5D1D00	5	241	241	0	0xEFA8FADF	fxenv_torchfire2	4757.323	3420.5964	153.20804
0x1C5D1D00	5	241	241	1	0xEFA8FADF	fxenv_torchfire2	4761.421	3412.8867	153.20804
0x1C5D1D00	5	241	241	2	0x4B54AD54	fxenv_small_steam1	4754.6743	3413.95	150.42154
0x1C5D1D00	5	241	241	3	0x39C8DA21	fxenv_torchfire1	4751.85	3435.671	154.45601
0x1C5D1D00	5	241	241	4	0x39C8DA21	fxenv_torchfire1	4754.1753	3430.0972	154.45601
0x1C5D1D00	5	241	241	5	0x39C8DA21	fxenv_torchfire1	4768.0425	3405.26	154.45601
0x1C5D1D00	5	241	241	6	0x39C8DA21	fxenv_torchfire1	4771.207	3399.4814	154.45601
0x1C5D1D00	5	241	241	7	0x8010A402	fxenv_fountain1	4424.1167	3355.5686	148.5411
0x1C5D1D00	5	241	241	8	0x8010A402	fxenv_fountain1	4434.186	3355.8662	147.2916
0x1CAEC5C0	5	243	243	0	0x36FB97EF	fxenv_fountain4	4630.383	3023.9497	137.36548
0x1CAEC5C0	5	243	243	1	0x36FB97EF	fxenv_fountain4	4628.4517	3021.5405	137.36548
0x1CAEC5C0	5	243	243	2	0x36FB97EF	fxenv_fountain4	4642.3325	3030.2495	137.36548
0x1CAEC5C0	5	243	243	3	0x36FB97EF	fxenv_fountain4	4644.1064	3027.609	137.36548
0x1CAEC5C0	5	243	243	4	0x36FB97EF	fxenv_fountain4	4656.2935	3021.9722	137.36548
0x1CAEC5C0	5	243	243	5	0x36FB97EF	fxenv_fountain4	4659.3325	3021.05	137.36548
0x1CF7C130	5	245	245	0	0x378D447E	fxenv_fog1	5450.042	3194.269	113.296326
0x1CF7C130	5	245	245	1	0x378D447E	fxenv_fog1	5441.6494	3223.6665	116.14328
0x1CF7C130	5	245	245	2	0x378D447E	fxenv_fog1	5434.076	3265.5684	113.296326
0x1CF7C130	5	245	245	3	0x239F3CCF	fxenv_chimney2	5311.105	3130.1445	117.130104
0x1CF7C130	5	245	245	4	0x239F3CCF	fxenv_chimney2	5301.5005	3134.1628	116.348366
0x1CF7C130	5	245	245	5	0x239F3CCF	fxenv_chimney2	5290.7812	3139.0989	117.130104
0x1CF7C130	5	245	245	6	0x4B54AD54	fxenv_small_steam1	5289.664	3273.2021	122.85479
0x1CF7C130	5	245	245	7	0x4B54AD54	fxenv_small_steam1	5284.339	3239.035	122.356735
0x1CF7C130	5	245	245	8	0x4B54AD54	fxenv_small_steam1	5446.1035	3164.7424	123.445885
0x1D400AA0	5	248	248	0	0x378D447E	fxenv_fog1	4410.3604	2987.211	127.11197
0x1D47CDE0	5	249	249	0	0x378D447E	fxenv_fog1	4685.3276	2815.0513	119.20603
0x1D47CDE0	5	249	249	1	0x378D447E	fxenv_fog1	4673.607	2840.8723	121.096756
0x1D47CDE0	5	249	249	2	0x378D447E	fxenv_fog1	4609.6724	2711.2825	113.042465
0x1D4EC5B0	5	250	250	0	0x378D447E	fxenv_fog1	4927.1025	2805.3987	111.218834
0x1D4EC5B0	5	250	250	1	0x378D447E	fxenv_fog1	4940.9287	2788.3975	110.85456
0x1D5DD6F0	5	251	251	0	0x378D447E	fxenv_fog1	4443.429	3031.0671	128.0022
0x1D607CF0	5	252	252	0	0xE016F4CB	fxenv_torchfire4	5533.145	3356.8306	228.0389
0x1D607CF0	5	252	252	1	0xE016F4CB	fxenv_torchfire4	5454.436	3401.6133	206.89223
0x1D607CF0	5	252	252	2	0xE016F4CB	fxenv_torchfire4	5417.2485	3541.7588	236.04457
0x1D607CF0	5	252	252	3	0xE016F4CB	fxenv_torchfire4	5392.394	3555.6355	214.4186
0x1D607CF0	5	252	252	4	0xE016F4CB	fxenv_torchfire4	5366.8403	3543.9873	181.12546
0x1D607CF0	5	252	252	5	0xE016F4CB	fxenv_torchfire4	5378.806	3536.7842	172.3743
0x1D607CF0	5	252	252	6	0x73EF880E	fxenv_smokestack_refinery	5433.487	3653.9202	228.64578
0x1D607CF0	5	252	252	7	0x239F3CCF	fxenv_chimney2	5247.2397	3417.28	145.33276
0x1D607CF0	5	252	252	8	0x239F3CCF	fxenv_chimney2	5247.9517	3428.1187	145.33276
0x1D607CF0	5	252	252	9	0x239F3CCF	fxenv_chimney2	5248.836	3439.4622	145.33276
0x1D9ED330	5	254	254	0	0x378D447E	fxenv_fog1	5011.9683	3009.6936	118.103485
0x1D9ED330	5	254	254	1	0x378D447E	fxenv_fog1	4959.85	3028.1792	117.17709
0x1D9ED330	5	254	254	2	0x378D447E	fxenv_fog1	4930.6123	3034.6296	116.51414
0x1D9ED330	5	254	254	3	0x378D447E	fxenv_fog1	4910.925	3039.981	117.112564
0x1DABFD30	5	255	255	0	0x73EF880E	fxenv_smokestack_refinery	4963.0254	2966.3499	155.78276
0x1DABFD30	5	255	255	1	0x7C9A286D	fxenv_torchfire3	4962.7334	2964.3738	155.78276
0x1DABFD30	5	255	255	2	0x7C9A286D	fxenv_torchfire3	4960.665	2967.3828	155.78276
0x1DABFD30	5	255	255	3	0x85676C22	fxenv_fountain2	5031.9683	2811.7632	117.12644
0x1DABFD30	5	255	255	4	0x0B9204CE	fxenv_fog1thick	5074.1436	2811.146	109.82673
0x1DABFD30	5	255	255	5	0x36FB97EF	fxenv_fountain4	4946.2056	2832.4033	111.94285
0x1DABFD30	5	255	255	6	0x36FB97EF	fxenv_fountain4	4942.5317	2844.4993	117.3753
0x1DABFD30	5	255	255	7	0x36FB97EF	fxenv_fountain4	5042.019	2824.8313	109.77505
0x1DABFD30	5	255	255	8	0x36FB97EF	fxenv_fountain4	5044.497	2821.1484	109.77505
0x1DAFA9E0	5	256	256	0	0x7C9A286D	fxenv_torchfire3	4910.695	2673.5854	144.74083
0x1DAFA9E0	5	256	256	1	0x7C9A286D	fxenv_torchfire3	4904.558	2678.4866	145.87126
0x1DAFA9E0	5	256	256	2	0x73EF880E	fxenv_smokestack_refinery	4907.349	2675.4656	145.17183
0x1DAFA9E0	5	256	256	3	0x7C9A286D	fxenv_torchfire3	4906.096	2672.9243	147.45163
0x1DAFA9E0	5	256	256	4	0x0B9204CE	fxenv_fog1thick	5015.262	2704.1577	110.60649
0x1DAFA9E0	5	256	256	5	0x36FB97EF	fxenv_fountain4	5056.6636	2717.005	108.002846
0x1DAFA9E0	5	256	256	6	0x36FB97EF	fxenv_fountain4	5051.849	2716.046	108.002846
0x1DAFA9E0	5	256	256	7	0x36FB97EF	fxenv_fountain4	5049.011	2733.1663	117.12644
0x1E0760D0	5	259	259	0	0xEFA8FADF	fxenv_torchfire2	4650.618	2660.9106	129.13748
0x1E0760D0	5	259	259	1	0xEFA8FADF	fxenv_torchfire2	4637.57	2683.5698	129.13748
0x1E0760D0	5	259	259	2	0xEFA8FADF	fxenv_torchfire2	4633.1304	2691.28	129.13748
0x1E0760D0	5	259	259	3	0x36FB97EF	fxenv_fountain4	4715.5635	2658.484	109.930824
0x1E0760D0	5	259	259	4	0x36FB97EF	fxenv_fountain4	4712.578	2659.359	109.930824
0x1E0760D0	5	259	259	5	0x36FB97EF	fxenv_fountain4	4734.871	2652.4558	109.930824
0x1E0760D0	5	259	259	6	0x36FB97EF	fxenv_fountain4	4725.867	2669.4858	115.15403
0x1E0760D0	5	259	259	7	0x36FB97EF	fxenv_fountain4	4725.6187	2673.9927	115.15403
0x1E0760D0	5	259	259	8	0x36FB97EF	fxenv_fountain4	4668.8516	2737.9377	109.930824
0x1E0760D0	5	259	259	9	0x36FB97EF	fxenv_fountain4	4668.6885	2742.6294	109.930824
0x1E0760D0	5	259	259	10	0x36FB97EF	fxenv_fountain4	4682.002	2747.1396	116.64092
0x1E0760D0	5	259	259	11	0x36FB97EF	fxenv_fountain4	4686.2104	2745.9016	116.64092
0x1E0760D0	5	259	259	12	0x67306F57	fxenv_fountain3	4630.2236	2671.0535	116.60236
0x1E0760D0	5	259	259	13	0x67306F57	fxenv_fountain3	4629.0195	2665.199	116.75021
0x1E0760D0	5	259	259	14	0x67306F57	fxenv_fountain3	4632.4976	2660.93	116.857735
0x1E0760D0	5	259	259	15	0x67306F57	fxenv_fountain3	4637.349	2660.5642	116.732216
0x1E0760D0	5	259	259	16	0x67306F57	fxenv_fountain3	4627.3223	2671.1965	115.33305
0x1E0760D0	5	259	259	17	0x67306F57	fxenv_fountain3	4635.9624	2657.9094	115.28182
0x1E0760D0	5	259	259	18	0x67306F57	fxenv_fountain3	4812.0503	2645.5293	111.55345
0x1E0760D0	5	259	259	19	0x67306F57	fxenv_fountain3	4813.0767	2652.7695	111.46148
0x1E0760D0	5	259	259	20	0x437A9A0B	fxwtr_fountain1	4634.766	2666.4346	122.789536
0x1E0760D0	5	259	259	21	0x437A9A0B	fxwtr_fountain1	4807.746	2649.6836	118.26344
0x1E0B9AF0	5	260	260	0	0x239F3CCF	fxenv_chimney2	5352.862	3111.9917	116.73961
0x1E0B9AF0	5	260	260	1	0x239F3CCF	fxenv_chimney2	5344.777	3119.7766	116.73961
0x1E0B9AF0	5	260	260	2	0x239F3CCF	fxenv_chimney2	5336.863	3127.3955	116.73961
0x1E1B9EA0	5	261	261	0	0x36FB97EF	fxenv_fountain4	4745.41	2906.5305	137.14835
0x1E1B9EA0	5	261	261	1	0x36FB97EF	fxenv_fountain4	4746.2563	2906.4895	129.96191
0x1E1B9EA0	5	261	261	2	0x36FB97EF	fxenv_fountain4	4751.995	2899.9556	126.07072
0x1E1B9EA0	5	261	261	3	0x36FB97EF	fxenv_fountain4	4751.62	2913.1467	126.07072
0x1E1B9EA0	5	261	261	4	0x36FB97EF	fxenv_fountain4	4738.6675	2912.7544	126.07072
0x1E1B9EA0	5	261	261	5	0x36FB97EF	fxenv_fountain4	4739.1313	2900.0168	126.07072
0x1E24C600	5	263	263	0	0x36FB97EF	fxenv_fountain4	3998.4084	2714.7256	147.61847
0x1E24C600	5	263	263	1	0x36FB97EF	fxenv_fountain4	3999.7026	2717.9993	147.61847
0x1E32EF70	5	264	264	0	0x378D447E	fxenv_fog1	3938.3125	3606.438	206.56163
0x1E32EF70	5	264	264	1	0x85676C22	fxenv_fountain2	3840.7695	3578.7725	210.0563
0x1E3B8BC0	5	265	265	0	0x67306F57	fxenv_fountain3	3559.6099	3537.6042	212.34866
0x1E3B8BC0	5	265	265	1	0x67306F57	fxenv_fountain3	3568.7214	3538.516	212.34866
0x1E8BE8C0	5	342	342	0	0x378D447E	fxenv_fog1	5143.1875	2766.9197	111.75153
0x1E8BE8C0	5	342	342	1	0x378D447E	fxenv_fog1	5235.5483	2822.6462	112.09112
0x1E8BE8C0	5	342	342	2	0x378D447E	fxenv_fog1	5187.9463	2793.7358	111.67494
0x1E8BE8C0	5	342	342	3	0x378D447E	fxenv_fog1	5131.8613	2647.3552	111.49754
0x1E96B870	5	343	343	0	0x378D447E	fxenv_fog1	4575.322	2624.393	112.22282
0x1E96B870	5	343	343	1	0x378D447E	fxenv_fog1	4592.5547	2634.5552	112.22282
0x1E96B870	5	343	343	2	0x378D447E	fxenv_fog1	4603.9033	2664.1108	112.25145
0x1E96B870	5	343	343	3	0x378D447E	fxenv_fog1	4606.68	2616.865	112.346344
0x1E96B870	5	343	343	4	0x67306F57	fxenv_fountain3	4625.9688	2665.14	115.37101
0x1E96B870	5	343	343	5	0x67306F57	fxenv_fountain3	4630.0757	2659.0054	115.37242
0x1EC52790	5	344	344	0	0x36FB97EF	fxenv_fountain4	5089.7925	2077.3782	118.4794
0x1EC52790	5	344	344	1	0x8010A402	fxenv_fountain1	5086.537	2076.7417	103.223885
0x1EC52790	5	344	344	2	0x8010A402	fxenv_fountain1	5093.5996	2077.4573	102.79549
0x1EC52790	5	344	344	3	0x8010A402	fxenv_fountain1	5091.039	2080.7078	102.79549
0x1EC52790	5	344	344	4	0x0B9204CE	fxenv_fog1thick	5154.663	1995.3903	131.06065
0x1EC52790	5	344	344	5	0xA5A82FEC	fxenv_fountain5	5091.1436	2081.8179	101.32499
0x1EC52790	5	344	344	6	0xA5A82FEC	fxenv_fountain5	5094.547	2077.1445	102.15284
0x1EC52790	5	344	344	7	0xA5A82FEC	fxenv_fountain5	5086.444	2078.3767	101.4672
0x1EC52790	5	344	344	8	0xA5A82FEC	fxenv_fountain5	5091.108	2073.9988	101.85688
0x1EF49580	5	346	346	0	0xF8170EED	fxenv_fog2	4946.941	1774.6465	27.957664
0x1EF49580	5	346	346	1	0xF8170EED	fxenv_fog2	4935.513	1802.1532	31.131708
0x1EF49580	5	346	346	2	0xF8170EED	fxenv_fog2	4922.917	1822.9945	35.75754
0x1EF49580	5	346	346	3	0xF8170EED	fxenv_fog2	4909.372	1836.8195	40.48428
0x1EF49580	5	346	346	4	0xF8170EED	fxenv_fog2	4892.5825	1845.9716	45.851463
0x1EF49580	5	346	346	5	0xF8170EED	fxenv_fog2	4879.853	1848.7401	49.74825
0x1EF49580	5	346	346	6	0x0B9204CE	fxenv_fog1thick	4783.173	1807.9644	78.59131
0x1EF49580	5	346	346	7	0x0B9204CE	fxenv_fog1thick	4722.0635	1855.0968	89.20135
0x1F20F690	5	348	348	0	0x8010A402	fxenv_fountain1	4848.671	1965.4479	98.57956
0x1F20F690	5	348	348	1	0x8010A402	fxenv_fountain1	4856.024	1965.8484	100.26772
0x1F20F690	5	348	348	2	0x8010A402	fxenv_fountain1	4860.1807	1953.8964	98.57956
0x1F20F690	5	348	348	3	0x8010A402	fxenv_fountain1	4858.933	1962.4823	100.26772
0x1F20F690	5	348	348	4	0x8010A402	fxenv_fountain1	4845.6943	1969.666	98.57956
0x1F20F690	5	348	348	5	0x8010A402	fxenv_fountain1	4856	1956.1733	98.89964
0x1F20F690	5	348	348	6	0x8010A402	fxenv_fountain1	4849.9707	1962.2648	98.87477
0x1F20F690	5	348	348	7	0x8010A402	fxenv_fountain1	4853.3335	1959.716	98.57956
0x1F351900	5	349	349	0	0x67306F57	fxenv_fountain3	4654.945	2164.5276	102.146095
0x1F351900	5	349	349	1	0x67306F57	fxenv_fountain3	4646.858	2161.4226	102.1461
0x1F351900	5	349	349	2	0x67306F57	fxenv_fountain3	4637.6426	2156.8687	102.1461
0x1F351900	5	349	349	3	0x8010A402	fxenv_fountain1	4641.4873	2166.3748	99.02855
0x1F351900	5	349	349	4	0x8010A402	fxenv_fountain1	4647.2227	2168.613	99.02855
0x1F351900	5	349	349	5	0x8010A402	fxenv_fountain1	4654.7026	2171.0195	98.52854
0x1F5AEA80	5	350	350	0	0x8010A402	fxenv_fountain1	4813.6514	2059.5312	99.634674
0x1F5AEA80	5	350	350	1	0x8010A402	fxenv_fountain1	4814.598	2055.849	99.634674
0x1F5AEA80	5	350	350	2	0x8010A402	fxenv_fountain1	4815.914	2052.519	99.634674
0x1F5AEA80	5	350	350	3	0x8010A402	fxenv_fountain1	4830.381	2004.7927	99.57456
0x1F5AEA80	5	350	350	4	0x8010A402	fxenv_fountain1	4831.605	2001.2155	99.57456
0x1F5AEA80	5	350	350	5	0x8010A402	fxenv_fountain1	4832.751	1997.8893	99.57456
0x1FB12A50	5	355	355	0	0x378D447E	fxenv_fog1	4830.257	2687.8147	107.08428
0x1FB12A50	5	355	355	1	0x378D447E	fxenv_fog1	4828.185	2714.7673	107.90024
0x1FB12A50	5	355	355	2	0x378D447E	fxenv_fog1	4841.786	2721.77	107.87244
0x1FB12A50	5	355	355	3	0x378D447E	fxenv_fog1	4883.008	2724.97	107.912224
0x1FB12A50	5	355	355	4	0x378D447E	fxenv_fog1	4955.5923	2757.585	109.65713
0x1FB12A50	5	355	355	5	0x378D447E	fxenv_fog1	4938.3296	2737.9368	108.539795
0x1FB12A50	5	355	355	6	0x378D447E	fxenv_fog1	4816.8926	2588.828	106.4819
0x1FB12A50	5	355	355	7	0x378D447E	fxenv_fog1	4792.1816	2599.375	107.86588
0x1FB12A50	5	355	355	8	0x378D447E	fxenv_fog1	4751.954	2599.264	107.79886
0x1FB12A50	5	355	355	9	0x378D447E	fxenv_fog1	4732.7886	2609.1033	107.818855
0x1FB12A50	5	355	355	10	0x378D447E	fxenv_fog1	4734.655	2629.016	107.818855
0x1FB12A50	5	355	355	11	0x378D447E	fxenv_fog1	4804.5107	2622.2751	107.865074
0x1FB12A50	5	355	355	12	0xEFA8FADF	fxenv_torchfire2	4655.0566	2653.2043	129.13748
0x1FB12A50	5	355	355	13	0xE016F4CB	fxenv_torchfire4	4919.431	2708.7805	128.41373
0x1FB12A50	5	355	355	14	0xE016F4CB	fxenv_torchfire4	4909.623	2748.0369	128.41373
0x1FB12A50	5	355	355	15	0x67306F57	fxenv_fountain3	4806.577	2641.1423	109.99832
0x1FB12A50	5	355	355	16	0x67306F57	fxenv_fountain3	4814.2007	2644.3325	110.01301
0x1FB12A50	5	355	355	17	0x67306F57	fxenv_fountain3	4815.868	2651.0059	110.03397
0x1FB12A50	5	355	355	18	0x67306F57	fxenv_fountain3	4806.2544	2643.8604	111.440216
0x1FD25160	5	356	356	0	0x31FB2AB6	fxenv_small_steam2	4776.858	2575.3987	123.64946
0x1FD25160	5	356	356	1	0x31FB2AB6	fxenv_small_steam2	4778.01	2575.1895	123.26327
0x1FD25160	5	356	356	2	0xEFA8FADF	fxenv_torchfire2	4767.6226	2572.3508	116.94272
0x1FD25160	5	356	356	3	0xEFA8FADF	fxenv_torchfire2	4786.7827	2570.4514	116.94272
0x1FD25160	5	356	356	4	0x36FB97EF	fxenv_fountain4	4793.098	2561.642	108.21868
0x1FD25160	5	356	356	5	0x36FB97EF	fxenv_fountain4	4759.7197	2564.9504	108.21868
0x1FD25160	5	356	356	6	0x36FB97EF	fxenv_fountain4	4886.111	2428.9302	98.27589
0x1FEEF050	5	441	441	0	0x0B9204CE	fxenv_fog1thick	5950.3853	1163.4152	92.92863
0x200F1810	5	443	443	0	0xA5A82FEC	fxenv_fountain5	5422.876	1113.771	65.17241
0x200F1810	5	443	443	1	0xA5A82FEC	fxenv_fountain5	5425.792	1119.9349	65.17242
0x200F1810	5	443	443	2	0xA5A82FEC	fxenv_fountain5	5428.465	1125.7845	65.17242
0x200F1810	5	443	443	3	0xA5A82FEC	fxenv_fountain5	5446.3623	1163.1691	65.17241
0x200F1810	5	443	443	4	0xA5A82FEC	fxenv_fountain5	5449.278	1169.3329	65.17242
0x20780CC0	5	448	448	0	0x378D447E	fxenv_fog1	5960.3647	780.3815	68.03306
0x20780CC0	5	448	448	1	0x378D447E	fxenv_fog1	5935.0034	766.5304	68.03306
0x20A27B10	5	450	450	0	0x378D447E	fxenv_fog1	5610.07	1390.3123	71.24832
0x20B628B0	5	452	452	0	0x8010A402	fxenv_fountain1	5522.9575	1162.2711	64.79941
0x20B628B0	5	452	452	1	0x8010A402	fxenv_fountain1	5547.1284	1206.1741	68.61101
0x20E73040	5	455	455	0	0x8010A402	fxenv_fountain1	5444.329	933.7952	57.884594
0x20E73040	5	455	455	1	0x8010A402	fxenv_fountain1	5444.867	940.2992	57.884594
0x20E73040	5	455	455	2	0x8010A402	fxenv_fountain1	5450.7886	943.36536	57.884594
0x20E73040	5	455	455	3	0x8010A402	fxenv_fountain1	5449.8823	930.1507	57.884594
0x20E73040	5	455	455	4	0x8010A402	fxenv_fountain1	5447.409	934.45526	60.46244
0x20E73040	5	455	455	5	0x8010A402	fxenv_fountain1	5452.2573	938.93506	59.956966
0x20E73040	5	455	455	6	0x8010A402	fxenv_fountain1	5455.088	933.0023	58.83788
0x20E73040	5	455	455	7	0xA5A82FEC	fxenv_fountain5	5394.6685	966.4209	56.560394
0x219EC040	5	464	464	0	0x8010A402	fxenv_fountain1	5488.851	1166.3937	64.25102
0x219EC040	5	464	464	1	0x8010A402	fxenv_fountain1	5528.545	1245.2578	68.07371
0x219EC040	5	464	464	2	0x8010A402	fxenv_fountain1	5545	1237.1294	68.61162
0x219EC040	5	464	464	3	0xA5A82FEC	fxenv_fountain5	5451.951	1175.1825	65.17242
0x219EC040	5	464	464	4	0x437A9A0B	fxwtr_fountain1	5524.3135	1187.6987	71.47023
0x21BA88F0	5	465	465	0	0x378D447E	fxenv_fog1	5781.36	560.1078	73.73671
0x21BA88F0	5	465	465	1	0x378D447E	fxenv_fog1	5799.1763	565.2242	73.73671
0x21BA88F0	5	465	465	2	0x378D447E	fxenv_fog1	5814.569	551.116	73.73671
0x21BA88F0	5	465	465	3	0x378D447E	fxenv_fog1	5955.335	553.31903	68.48401
0x21BA88F0	5	465	465	4	0x378D447E	fxenv_fog1	6031.776	655.1431	71.04283
0x21C80C50	5	467	467	0	0xA5A82FEC	fxenv_fountain5	5279.2866	1039.0098	58.25665
0x21C80C50	5	467	467	1	0xA5A82FEC	fxenv_fountain5	5288.5825	1034.5549	58.25665
0x21C80C50	5	467	467	2	0xA5A82FEC	fxenv_fountain5	5297.875	1030.2281	58.25665
0x21C80C50	5	467	467	3	0xA5A82FEC	fxenv_fountain5	5305.931	1026.4185	58.25666
0x21C80C50	5	467	467	4	0xA5A82FEC	fxenv_fountain5	5379.039	976.6609	58.533184
0x21C80C50	5	467	467	5	0xA5A82FEC	fxenv_fountain5	5384.153	982.60547	58.533184
0x21C80C50	5	467	467	6	0xA5A82FEC	fxenv_fountain5	5388.8784	973.61334	57.84851
0x2211A7F0	5	472	472	0	0x8010A402	fxenv_fountain1	5250.9653	1225.6088	63.117954
0x2211A7F0	5	472	472	1	0x8010A402	fxenv_fountain1	5247.7363	1230.4806	63.117954
0x2211A7F0	5	472	472	2	0x8010A402	fxenv_fountain1	5245.0186	1234.4822	63.117954
0x2211A7F0	5	472	472	3	0x8010A402	fxenv_fountain1	5241.8276	1239.036	63.117954
0x2211A7F0	5	472	472	4	0x8010A402	fxenv_fountain1	5238.7026	1243.5673	63.117954
0x228437C0	5	542	542	0	0x8010A402	fxenv_fountain1	4934.828	963.5958	57.900356
0x228437C0	5	542	542	1	0x8010A402	fxenv_fountain1	4927.3843	968.97107	58.286674
0x228437C0	5	542	542	2	0x8010A402	fxenv_fountain1	4925.6353	972.9889	54.333305
0x228437C0	5	542	542	3	0x8010A402	fxenv_fountain1	4922.197	964.413	54.333305
0x228437C0	5	542	542	4	0x8010A402	fxenv_fountain1	4934.6514	974.0477	54.333305
0x228437C0	5	542	542	5	0x8010A402	fxenv_fountain1	4940.464	966.81964	54.333298
0x228437C0	5	542	542	6	0x8010A402	fxenv_fountain1	4936.8203	958.38367	54.333294
0x228437C0	5	542	542	7	0x0AEE710E	fxenv_fountain6	5001.069	964.9349	68.21819
0x228437C0	5	542	542	8	0x0AEE710E	fxenv_fountain6	5008.4434	972.1636	63.36442
0x228437C0	5	542	542	9	0x0AEE710E	fxenv_fountain6	4995.5703	956.1203	63.364418
0x228A9690	5	543	543	0	0xF8170EED	fxenv_fog2	4927.222	1576.4742	52.312637
0x228A9690	5	543	543	1	0xF8170EED	fxenv_fog2	4937.9927	1592.7765	48.37806
0x228A9690	5	543	543	2	0xF8170EED	fxenv_fog2	4947.1265	1609.9287	43.903835
0x228A9690	5	543	543	3	0xF8170EED	fxenv_fog2	4954.8955	1627.7274	39.13475
0x228A9690	5	543	543	4	0xF8170EED	fxenv_fog2	4959.3003	1646.7065	34.629192
0x228A9690	5	543	543	5	0xF8170EED	fxenv_fog2	4960.9478	1676.2167	29.90227
0x228A9690	5	543	543	6	0xF8170EED	fxenv_fog2	4960.1235	1706.062	27.189491
0x228A9690	5	543	543	7	0xF8170EED	fxenv_fog2	4956.326	1735.8192	27.034433
0x228A9690	5	543	543	8	0xF8170EED	fxenv_fog2	4952.5186	1755.4498	27.071552
0x234FDF00	5	550	550	0	0x8010A402	fxenv_fountain1	4370.0854	1186.9006	50.44903
0x234FDF00	5	550	550	1	0x8010A402	fxenv_fountain1	4366.9033	1189.4156	49.520935
0x234FDF00	5	550	550	2	0x8010A402	fxenv_fountain1	4367.4243	1183.6667	49.520935
0x234FDF00	5	550	550	3	0x8010A402	fxenv_fountain1	4373.175	1184.2991	49.520935
0x234FDF00	5	550	550	4	0x8010A402	fxenv_fountain1	4373.082	1189.5477	49.520935
0x234FDF00	5	550	550	5	0x8010A402	fxenv_fountain1	4364.3936	1186.0618	48.193054
0x234FDF00	5	550	550	6	0x8010A402	fxenv_fountain1	4375.783	1187.2401	48.193054
0x234FDF00	5	550	550	7	0x8010A402	fxenv_fountain1	4370.748	1180.8616	48.193054
0x234FDF00	5	550	550	8	0x8010A402	fxenv_fountain1	4369.639	1192.6552	48.193054
0x23B42300	5	555	555	0	0x378D447E	fxenv_fog1	5018.775	943.528	48.675552
0x240DCB30	5	560	560	0	0x378D447E	fxenv_fog1	4776.9717	326.46347	37.521854
0x254372F0	5	647	647	0	0x8010A402	fxenv_fountain1	4065.8687	1129.0356	48.41885
0x254372F0	5	647	647	1	0x8010A402	fxenv_fountain1	4061.908	1135.8324	48.41885
0x254372F0	5	647	647	2	0x8010A402	fxenv_fountain1	4060.8887	1140.0684	48.41885
0x254372F0	5	647	647	3	0x8010A402	fxenv_fountain1	4062.2534	1150.3755	48.41885
0x254372F0	5	647	647	4	0x8010A402	fxenv_fountain1	4067.1233	1158.8721	48.41885
0x254372F0	5	647	647	5	0x8010A402	fxenv_fountain1	4070.6277	1162.2217	48.41885
0x254372F0	5	647	647	6	0x8010A402	fxenv_fountain1	4076.1567	1165.4551	48.41885
0x254372F0	5	647	647	7	0x8010A402	fxenv_fountain1	4081.8762	1166.8167	48.41885
0x254372F0	5	647	647	8	0x8010A402	fxenv_fountain1	4061.0137	1144.7988	48.41885
0x254372F0	5	647	647	9	0x8010A402	fxenv_fountain1	4064.5586	1154.8523	48.41885
0x254372F0	5	647	647	10	0x8010A402	fxenv_fountain1	4064.1472	1132.1082	48.41885
0x25602050	5	648	648	0	0x8010A402	fxenv_fountain1	4183.433	1098.3094	42.036446
0x25602050	5	648	648	1	0x8010A402	fxenv_fountain1	4180.251	1100.8245	41.10835
0x25602050	5	648	648	2	0x8010A402	fxenv_fountain1	4180.772	1095.0756	41.10835
0x25602050	5	648	648	3	0x8010A402	fxenv_fountain1	4186.5225	1095.7079	41.10835
0x25602050	5	648	648	4	0x8010A402	fxenv_fountain1	4186.4297	1100.9567	41.10835
0x25602050	5	648	648	5	0x8010A402	fxenv_fountain1	4177.7407	1097.4706	39.780468
0x25602050	5	648	648	6	0x8010A402	fxenv_fountain1	4182.987	1104.064	39.780468
0x25602050	5	648	648	7	0x8010A402	fxenv_fountain1	4189.131	1098.6489	39.780468
0x25602050	5	648	648	8	0x8010A402	fxenv_fountain1	4184.0957	1092.2704	39.780468
0x25DCD0C0	5	652	652	0	0x378D447E	fxenv_fog1	4310.814	464.9938	51.1646
0x25EF38A0	5	654	654	0	0x378D447E	fxenv_fog1	3963.9404	594.0742	34.95427
0x25EF38A0	5	654	654	1	0x378D447E	fxenv_fog1	3948.1465	610.5912	32.29015
0x25EF38A0	5	654	654	2	0x378D447E	fxenv_fog1	3933.9639	637.3965	30.217829
0x263F0AE0	5	655	655	0	0x378D447E	fxenv_fog1	4101.1313	377.90375	48.204628
0x2671CE30	5	656	656	0	0x378D447E	fxenv_fog1	4629.2275	282.70444	41.777405
0x2687D4E0	5	658	658	0	0xF8170EED	fxenv_fog2	4411.926	252.87292	43.50202
0x26E728B0	5	662	662	0	0x378D447E	fxenv_fog1	3457.5078	296.471	40.0023
0x271D6F00	5	666	666	0	0x378D447E	fxenv_fog1	3978.2512	563.344	35.461086
0x271D6F00	5	666	666	1	0x378D447E	fxenv_fog1	4071.277	427.61926	43.80795
0x271D6F00	5	666	666	2	0x378D447E	fxenv_fog1	4045.6272	458.52374	41.37751
0x271D6F00	5	666	666	3	0x378D447E	fxenv_fog1	4027.1238	492.79877	41.116947
0x271D6F00	5	666	666	4	0x378D447E	fxenv_fog1	4002.5796	524.3603	37.298923
0x271D6F00	5	666	666	5	0x378D447E	fxenv_fog1	3990.0837	551.8553	35.461086
0x2792C440	5	742	742	0	0x0B9204CE	fxenv_fog1thick	1961.853	351.89368	55.344097
0x2792C440	5	742	742	1	0x67306F57	fxenv_fountain3	1930.587	317.88397	47.73258
0x2792C440	5	742	742	2	0x67306F57	fxenv_fountain3	1927.8853	318.36542	47.732567
0x2792C440	5	742	742	3	0x67306F57	fxenv_fountain3	1924.9666	318.90366	47.73258
0x27B29860	5	743	743	0	0x0B9204CE	fxenv_fog1thick	1324.7567	1501.5564	140.30475
0x27B29860	5	743	743	1	0x378D447E	fxenv_fog1	1559.8523	1399.1102	131.32808
0x27B29860	5	743	743	2	0x0B9204CE	fxenv_fog1thick	1491.3577	1324.7175	159.33952
0x27BC31C0	5	744	744	0	0x378D447E	fxenv_fog1	1335.6166	1653.8729	145.28201
0x27BC31C0	5	744	744	1	0x378D447E	fxenv_fog1	1331.788	1780.4462	132.76462
0x27BC31C0	5	744	744	2	0x378D447E	fxenv_fog1	1341.8329	1767.143	131.61722
0x27BC31C0	5	744	744	3	0x378D447E	fxenv_fog1	1318.6975	1762.8143	132.47125
0x27BC31C0	5	744	744	4	0x0B9204CE	fxenv_fog1thick	1346.2339	1691.0544	156.7045
0x27C79A40	5	745	745	0	0x0B9204CE	fxenv_fog1thick	946.99756	2253.9033	121.60457
0x27C79A40	5	745	745	1	0x0B9204CE	fxenv_fog1thick	1067.6344	2223.1577	121.60457
0x27D90190	5	746	746	0	0x378D447E	fxenv_fog1	676.8246	1866.2882	81.21875
0x27D90190	5	746	746	1	0x378D447E	fxenv_fog1	666.8202	1854.7505	81.66875
0x27D90190	5	746	746	2	0x2F23057A	fxenv_smokestack	810.7101	1841.5885	100.154655
0x27D90190	5	746	746	3	0x0B9204CE	fxenv_fog1thick	709.54047	1861.1989	93.84891
0x27E74AB0	5	747	747	0	0x0B9204CE	fxenv_fog1thick	748.33856	1599.6958	112.20097
0x27E74AB0	5	747	747	1	0x0B9204CE	fxenv_fog1thick	527.7202	1624.89	103.61619
0x280D5340	5	748	748	0	0x0B9204CE	fxenv_fog1thick	901.2468	1532.724	102.11366
0x280D5340	5	748	748	1	0x2F23057A	fxenv_smokestack	969.1433	1758.2798	144.31534
0x282EF7D0	5	749	749	0	0x2F23057A	fxenv_smokestack	1217.7323	1296.0165	155.30928
0x28387B10	5	750	750	0	0x0B9204CE	fxenv_fog1thick	723.8012	1394.9319	109.34816
0x28387B10	5	750	750	1	0x0B9204CE	fxenv_fog1thick	600.9703	1340.9631	128.83035
0x28520450	5	751	751	0	0x378D447E	fxenv_fog1	1049.9368	952.1086	111.049286
0x28520450	5	751	751	1	0x0B9204CE	fxenv_fog1thick	912.99475	922.28265	108.128334
0x28520450	5	751	751	2	0x378D447E	fxenv_fog1	1040.2533	945.5734	111.02933
0x28520450	5	751	751	3	0x378D447E	fxenv_fog1	1036.5671	955.4118	110.30581
0x286EEA50	5	752	752	0	0x36FB97EF	fxenv_fountain4	1267.3689	776.055	102.932594
0x286EEA50	5	752	752	1	0x0B9204CE	fxenv_fog1thick	1306.3334	801.20544	112.563484
0x286EEA50	5	752	752	2	0x0B9204CE	fxenv_fog1thick	1207.9983	664.4844	93.97709
0x288361B0	5	753	753	0	0x0B9204CE	fxenv_fog1thick	739.7604	448.87723	92.016754
0x288C9380	5	754	754	0	0x378D447E	fxenv_fog1	1498.7604	395.3937	56.67281
0x288C9380	5	754	754	1	0x378D447E	fxenv_fog1	1654.1997	436.67297	53.018745
0x288C9380	5	754	754	2	0x378D447E	fxenv_fog1	1478.2218	408.21405	56.67281
0x288C9380	5	754	754	3	0x378D447E	fxenv_fog1	1489.5836	417.23483	56.67281
0x288C9380	5	754	754	4	0x378D447E	fxenv_fog1	1505.7507	404.79443	56.67281
0x288C9380	5	754	754	5	0x378D447E	fxenv_fog1	1513.82	402.1125	56.67281
0x288C9380	5	754	754	6	0x378D447E	fxenv_fog1	1477.74	419.22845	56.67281
0x288C9380	5	754	754	7	0x378D447E	fxenv_fog1	1502.2494	418.4599	56.67281
0x288C9380	5	754	754	8	0x378D447E	fxenv_fog1	1646.2212	430.34518	53.018745
0x288C9380	5	754	754	9	0x378D447E	fxenv_fog1	1637.8376	398.35632	53.018745
0x288C9380	5	754	754	10	0x378D447E	fxenv_fog1	1646.5182	397.56616	53.018745
0x288C9380	5	754	754	11	0x0B9204CE	fxenv_fog1thick	1580.9504	425.18982	64.004906
0x28B4E120	5	755	755	0	0x0B9204CE	fxenv_fog1thick	1486.8198	201.57578	27.788841
0x291F5E00	5	757	757	0	0x2F23057A	fxenv_smokestack	1315.2648	-93.10293	68.44259
0x291F5E00	5	757	757	1	0x0B9204CE	fxenv_fog1thick	1406.8656	26.86965	11.978341
0x292DCC40	5	758	758	0	0x378D447E	fxenv_fog1	2186.4973	284.0549	45.05324
0x292DCC40	5	758	758	1	0x378D447E	fxenv_fog1	2180.0693	273.0148	45.97754
0x292DCC40	5	758	758	2	0x378D447E	fxenv_fog1	2207.9712	284.32556	43.174896
0x292DCC40	5	758	758	3	0x0B9204CE	fxenv_fog1thick	2156.915	313.0784	55.820156
0x29382B10	5	759	759	0	0x378D447E	fxenv_fog1	1544.6703	659.4763	109.065865
0x29382B10	5	759	759	1	0x378D447E	fxenv_fog1	1537.8234	655.20776	107.86879
0x29382B10	5	759	759	2	0x378D447E	fxenv_fog1	1549.0326	650.9616	110.515625
0x29382B10	5	759	759	3	0x0B9204CE	fxenv_fog1thick	1487.3042	773.3733	114.87281
0x29382B10	5	759	759	4	0x0B9204CE	fxenv_fog1thick	1557.1317	634.81726	131.73015
0x29416FE0	5	760	760	0	0x8010A402	fxenv_fountain1	1598.7896	297.0205	33.536343
0x29416FE0	5	760	760	1	0x8010A402	fxenv_fountain1	1601.4408	294.99435	31.236633
0x29416FE0	5	760	760	2	0x8010A402	fxenv_fountain1	1604.4115	292.73715	28.532944
0x29416FE0	5	760	760	3	0x8010A402	fxenv_fountain1	1583.0784	258.39267	29.479784
0x29416FE0	5	760	760	4	0x8010A402	fxenv_fountain1	1586.3367	257.5443	27.12881
0x29416FE0	5	760	760	5	0x8010A402	fxenv_fountain1	1589.933	256.50467	25.033005
0x297BCF30	5	762	762	0	0x0B9204CE	fxenv_fog1thick	1148.1088	508.49335	63.011063
0x297BCF30	5	762	762	1	0x0B9204CE	fxenv_fog1thick	1138.3848	472.48486	65.23278
0x297BCF30	5	762	762	2	0x0B9204CE	fxenv_fog1thick	1143.8009	554.4628	101.04331
0x29993430	5	763	763	0	0x378D447E	fxenv_fog1	1101.9469	629.8563	99.43862
0x29993430	5	763	763	1	0x378D447E	fxenv_fog1	1109.9846	618.0787	99.87781
0x29993430	5	763	763	2	0x378D447E	fxenv_fog1	1098.5684	617.7001	98.22
0x29993430	5	763	763	3	0x0B9204CE	fxenv_fog1thick	1071.1934	634.3178	100.88719
0x29A84F30	5	764	764	0	0x378D447E	fxenv_fog1	989.2657	744.2805	101.33595
0x29BEC540	5	765	765	0	0x378D447E	fxenv_fog1	953.85956	1131.997	102.73023
0x29BEC540	5	765	765	1	0x378D447E	fxenv_fog1	910.14496	1095.1976	96.60956
0x29BEC540	5	765	765	2	0x378D447E	fxenv_fog1	909.7048	1083.327	95.53439
0x29BEC540	5	765	765	3	0x378D447E	fxenv_fog1	918.4773	1087.1426	95.86488
0x29BEC540	5	765	765	4	0x378D447E	fxenv_fog1	960.05164	1129.6063	102.85155
0x29C83190	5	766	766	0	0xE016F4CB	fxenv_torchfire4	371.98264	1804.7775	112.54427
0x29D34B10	5	767	767	0	0x0B9204CE	fxenv_fog1thick	1049.0259	1904.2395	104.68471
0x29D8BCB0	5	768	768	0	0x378D447E	fxenv_fog1	1184.5851	1920.4851	123.84491
0x29E66D10	5	769	769	0	0x378D447E	fxenv_fog1	419.40955	1792.8848	107.57003
0x29E66D10	5	769	769	1	0x378D447E	fxenv_fog1	624.87695	1842.1881	85.12741
0x29E66D10	5	769	769	2	0x0B9204CE	fxenv_fog1thick	374.56766	1839.2693	116.02676
0x29E66D10	5	769	769	3	0x0B9204CE	fxenv_fog1thick	552.0523	1806.753	103.72501
0x29E66D10	5	769	769	4	0x0B9204CE	fxenv_fog1thick	581.13306	1708.6708	116.93684
0x29E66D10	5	769	769	5	0xE016F4CB	fxenv_torchfire4	421.95932	1846.008	110.811676
0x29FA8710	5	770	770	0	0x8010A402	fxenv_fountain1	2774.145	834.17505	15.708518
0x29FA8710	5	770	770	1	0x8010A402	fxenv_fountain1	2772.1865	818.892	19.652151
0x2A337470	5	771	771	0	0x0B9204CE	fxenv_fog1thick	2365.0337	1391.253	58.83922
0x2A337470	5	771	771	1	0x0B9204CE	fxenv_fog1thick	2521.1177	1272.24	25.962297
0x2A490690	5	772	772	0	0x0B9204CE	fxenv_fog1thick	2262.9172	1541.8568	90.68152
0x2A4C3430	5	773	773	0	0x0B9204CE	fxenv_fog1thick	2506.9626	1468.5513	81.18746
0x2AA4BD20	5	841	841	0	0xA5A82FEC	fxenv_fountain5	2055.5864	1031.5953	71.71828
0x2ACF0460	5	843	843	0	0x2F23057A	fxenv_smokestack	2833.3337	1134.6576	38.288162
0x2B0DBFF0	5	846	846	0	0x378D447E	fxenv_fog1	2780.6538	317.3302	27.113998
0x2B0DBFF0	5	846	846	1	0x378D447E	fxenv_fog1	2781.6138	300.0199	27.83607
0x2B0DBFF0	5	846	846	2	0x378D447E	fxenv_fog1	2798.7205	298.0521	28.36317
0x2B465DE0	5	850	850	0	0x8010A402	fxenv_fountain1	2709.517	614.94006	20.67042
0x2B465DE0	5	850	850	1	0x0B9204CE	fxenv_fog1thick	2866.96	671.5749	13.720015
0x2B465DE0	5	850	850	2	0x378D447E	fxenv_fog1	2784.3037	653.90765	19.830727
0x2B465DE0	5	850	850	3	0x378D447E	fxenv_fog1	2792.9365	642.9641	19.830727
0x2B465DE0	5	850	850	4	0x378D447E	fxenv_fog1	2797.4355	628.4512	19.830727
0x2B465DE0	5	850	850	5	0x378D447E	fxenv_fog1	2769.9287	601.79254	19.830727
0x2B465DE0	5	850	850	6	0x378D447E	fxenv_fog1	2752.6265	589.5131	19.830727
0x2B863DC0	5	851	851	0	0x2F23057A	fxenv_smokestack	2764.9321	423.28403	186.84482
0x2B863DC0	5	851	851	1	0x0B9204CE	fxenv_fog1thick	2704.1653	339.92654	28.191923
0x2B863DC0	5	851	851	2	0xA5A82FEC	fxenv_fountain5	2645.9578	427.776	22.984964
0x2BCFB340	5	853	853	0	0x0AEE710E	fxenv_fountain6	1844.0443	943.05865	96.67778
0x2BCFB340	5	853	853	1	0x0AEE710E	fxenv_fountain6	1783.812	920.51196	96.12967
0x2BCFB340	5	853	853	2	0x67306F57	fxenv_fountain3	1736.4464	848.9387	87.58662
0x2BCFB340	5	853	853	3	0x67306F57	fxenv_fountain3	1731.2676	851.9343	87.77609
0x2BCFB340	5	853	853	4	0x67306F57	fxenv_fountain3	1725.385	853.22003	87.78714
0x2BDD8000	5	854	854	0	0x0B9204CE	fxenv_fog1thick	1687.9778	742.1497	76.822426
0x2BEBCE50	5	855	855	0	0x378D447E	fxenv_fog1	2074.6729	1273.0399	95.284645
0x2BEBCE50	5	855	855	1	0x378D447E	fxenv_fog1	2089.7498	1280.3059	95.284645
0x2BEBCE50	5	855	855	2	0x378D447E	fxenv_fog1	2120.3584	1271.6915	95.284645
0x2BEBCE50	5	855	855	3	0x378D447E	fxenv_fog1	1889.2563	1379.6096	108.4624
0x2BEBCE50	5	855	855	4	0x378D447E	fxenv_fog1	1877.274	1371.0509	108.53348
0x2BEBCE50	5	855	855	5	0x378D447E	fxenv_fog1	1902.5269	1363.7422	107.566475
0x2BEBCE50	5	855	855	6	0x0B9204CE	fxenv_fog1thick	2011.3473	1336.0691	106.138756
0x2BEBCE50	5	855	855	7	0x0B9204CE	fxenv_fog1thick	1883.3901	1346.9297	125.494125
0x2C251400	5	856	856	0	0x0B9204CE	fxenv_fog1thick	2236.1047	1023.0462	87.16497
0x2C251400	5	856	856	1	0xA5A82FEC	fxenv_fountain5	2139.3147	1079.1375	70.86187
0x2C251400	5	856	856	2	0xA5A82FEC	fxenv_fountain5	2126.5566	1069.7977	69.09246
0x2C251400	5	856	856	3	0xA5A82FEC	fxenv_fountain5	2111.7415	1058.7303	69.04693
0x2C251400	5	856	856	4	0xA5A82FEC	fxenv_fountain5	2077.2102	1037.3138	69.23666
0x2C41AAB0	5	857	857	0	0x378D447E	fxenv_fog1	2339.9536	720.6271	52.310593
0x2C6FD330	5	858	858	0	0x378D447E	fxenv_fog1	2402.2703	805.23773	48.362465
0x2C6FD330	5	858	858	1	0x378D447E	fxenv_fog1	2461.267	872.23663	37.12385
0x2C6FD330	5	858	858	2	0x378D447E	fxenv_fog1	2382.0369	770.7338	51.56486
0x2C6FD330	5	858	858	3	0x0B9204CE	fxenv_fog1thick	2448.6243	749.36395	61.151543
0x2C7A8C50	5	860	860	0	0x0B9204CE	fxenv_fog1thick	2351.0498	1034.0516	59.0028
0x2CA1BF80	5	863	863	0	0x0B9204CE	fxenv_fog1thick	1644.9373	950.2999	111.22141
0x2CC5A5D0	5	866	866	0	0x2F23057A	fxenv_smokestack	2156.7163	760.9191	115.89715
0x2CC5A5D0	5	866	866	1	0x36FB97EF	fxenv_fountain4	2127.559	709.2646	65.315544
0x2CC5A5D0	5	866	866	2	0x36FB97EF	fxenv_fountain4	2113.4236	750.4569	66.52685
0x2CC5A5D0	5	866	866	3	0x8010A402	fxenv_fountain1	2113.3877	750.584	68.93408
0x2CC5A5D0	5	866	866	4	0x437A9A0B	fxwtr_fountain1	2127.559	709.2646	63.782673
0x2CCC3BF0	5	867	867	0	0x36FB97EF	fxenv_fountain4	1978.1161	602.0319	69.195854
0x2CCC3BF0	5	867	867	1	0x36FB97EF	fxenv_fountain4	2001.0455	589.92255	69.195854
0x2CD0F410	5	868	868	0	0x378D447E	fxenv_fog1	2265.025	1304.5532	77.44243
0x2CD0F410	5	868	868	1	0x378D447E	fxenv_fog1	2256.4358	1298.0249	76.35864
0x2CD0F410	5	868	868	2	0x378D447E	fxenv_fog1	2265.6462	1293.2848	76.61472
0x2CE263D0	5	869	869	0	0x0B9204CE	fxenv_fog1thick	2656.8237	1458.0797	28.224297
0x2CE263D0	5	869	869	1	0x0B9204CE	fxenv_fog1thick	2608.045	1439.1149	45.576057
0x2CE63CC0	5	870	870	0	0x2F23057A	fxenv_smokestack	2790.231	1184.8562	42.179775
0x2CE63CC0	5	870	870	1	0x0B9204CE	fxenv_fog1thick	2734.9172	1345.436	29.18331
0x2CF61650	5	871	871	0	0x36FB97EF	fxenv_fountain4	1575.031	1108.5536	107.87603
0x2CF61650	5	871	871	1	0x0B9204CE	fxenv_fog1thick	1479.7809	1129.0717	105.73592
0x2CF61650	5	871	871	2	0x0B9204CE	fxenv_fog1thick	1585.4064	1169.3026	122.321686
0x2D0A0DB0	5	872	872	0	0x36FB97EF	fxenv_fountain4	1867.7128	757.3187	82.744225
0x2D0A0DB0	5	872	872	1	0x0B9204CE	fxenv_fog1thick	1854.8064	632.375	86.61256
0x2D0A0DB0	5	872	872	2	0x8010A402	fxenv_fountain1	1856.9998	744.9733	78.15765
0x2D0A0DB0	5	872	872	3	0x437A9A0B	fxwtr_fountain1	1867.9856	757.3507	82.9255
0x2D0A0DB0	5	872	872	4	0x0AEE710E	fxenv_fountain6	1953.882	701.52704	79.21487
0x2D3125B0	5	875	875	0	0x378D447E	fxenv_fog1	2495.8386	1604.6932	106.98549
0x2D3125B0	5	875	875	1	0x378D447E	fxenv_fog1	2503.6326	1591.1532	106.96984
0x2D3125B0	5	875	875	2	0x378D447E	fxenv_fog1	2492.5142	1584.717	106.93533
0x2D3792A0	5	876	876	0	0x0B9204CE	fxenv_fog1thick	3001.789	1344.7205	58.471294
0x2D519220	5	941	941	0	0x378D447E	fxenv_fog1	2790.7249	-525.5135	19.588991
0x2D519220	5	941	941	1	0x378D447E	fxenv_fog1	2844.729	-406.90335	20.971327
0x2DBEB030	5	945	945	0	0x378D447E	fxenv_fog1	2717.1707	-643.0107	14.93261
0x2DBEB030	5	945	945	1	0x0B9204CE	fxenv_fog1thick	2673.0369	-505.482	8.490969
0x2DE3E980	5	946	946	0	0x8010A402	fxenv_fountain1	3078.5908	-772.7308	19.818089
0x2DE3E980	5	946	946	1	0x8010A402	fxenv_fountain1	3088.6064	-769.7913	19.818089
0x2DE3E980	5	946	946	2	0x8010A402	fxenv_fountain1	3073.7087	-755.2599	19.818089
0x2DE3E980	5	946	946	3	0x8010A402	fxenv_fountain1	3071.3542	-765.4697	19.818089
0x2DE3E980	5	946	946	4	0x8010A402	fxenv_fountain1	3080.925	-768.3458	22.60698
0x2DE3E980	5	946	946	5	0x8010A402	fxenv_fountain1	3080.3884	-757.86847	22.139578
0x2E0142E0	5	948	948	0	0x378D447E	fxenv_fog1	2712.6443	-1119.9014	11.75728
0x2E0142E0	5	948	948	1	0x378D447E	fxenv_fog1	2747.7124	-1015.2496	10.44724
0x2E261810	5	950	950	0	0x0B9204CE	fxenv_fog1thick	3625.494	-1055.7969	56.546856
0x2E261810	5	950	950	1	0x96AC4F78	fxenv_leaves1	3623.928	-834.1504	24.001625
0x2E261810	5	950	950	2	0xFD8995C1	fxenv_smokestack_brn	3731.072	-999.114	50.208622
0x2E3196C0	5	951	951	0	0x378D447E	fxenv_fog1	3815.6343	-1434.5565	-4.741039
0x2E3196C0	5	951	951	1	0x378D447E	fxenv_fog1	3894.6243	-1401.9309	-1.7227445
0x2E3196C0	5	951	951	2	0x378D447E	fxenv_fog1	3865.5789	-1397.3745	-3.2425413
0x2E3196C0	5	951	951	3	0x96AC4F78	fxenv_leaves1	3843.1206	-1464.5748	14.588728
0x2E3196C0	5	951	951	4	0x39C8DA21	fxenv_torchfire1	3894.9548	-1401.461	-0.4942398
0x2E3196C0	5	951	951	5	0x39C8DA21	fxenv_torchfire1	3865.5222	-1396.7692	-1.9822243
0x2E4990D0	5	952	952	0	0x378D447E	fxenv_fog1	3430.0178	-1549.5747	7.066328
0x2E793AB0	5	953	953	0	0x378D447E	fxenv_fog1	3051.7324	-1515.8823	13.002412
0x2E793AB0	5	953	953	1	0x378D447E	fxenv_fog1	2906.9006	-1403.2684	2.695664
0x2E793AB0	5	953	953	2	0x0B9204CE	fxenv_fog1thick	2827.1853	-1546.7142	-6.4504685
0x2E975BB0	5	954	954	0	0x378D447E	fxenv_fog1	2792.189	-862.9016	9.582528
0x2E975BB0	5	954	954	1	0x378D447E	fxenv_fog1	2635.4387	-794.7814	9.463551
0x2E975BB0	5	954	954	2	0x378D447E	fxenv_fog1	2639.9436	-706.9227	8.816961
0x2E975BB0	5	954	954	3	0x0B9204CE	fxenv_fog1thick	2480.1738	-808.12555	10.10853
0x2E9CB500	5	955	955	0	0x378D447E	fxenv_fog1	2851.4583	-1320.3956	8.289102
0x2E9CB500	5	955	955	1	0x378D447E	fxenv_fog1	2785.3064	-1222.4568	11.505105
0x2F2788D0	5	961	961	0	0x378D447E	fxenv_fog1	3553.924	-729.01373	0.92734253
0x2F2788D0	5	961	961	1	0x378D447E	fxenv_fog1	3552.029	-750.4333	2.4148474
0x2F2788D0	5	961	961	2	0x378D447E	fxenv_fog1	3534.709	-693.01355	1.787727
0x2F2788D0	5	961	961	3	0x96AC4F78	fxenv_leaves1	3620.4888	-729.2973	23.393925
0x2F2788D0	5	961	961	4	0x96AC4F78	fxenv_leaves1	3614.148	-750.09094	24.001625
0x2F2788D0	5	961	961	5	0x96AC4F78	fxenv_leaves1	3613.7312	-759.858	17.473429
0x2F4ECE40	5	965	965	0	0x378D447E	fxenv_fog1	3215.5518	-1724.0392	6.683342
0x2F4ECE40	5	965	965	1	0x378D447E	fxenv_fog1	3169.222	-1688.908	7.0193925
0x2F4ECE40	5	965	965	2	0x0B9204CE	fxenv_fog1thick	3305.6848	-1758.6747	0.8267486
0x2FD582E0	5	969	969	0	0x0B9204CE	fxenv_fog1thick	3807.6743	-1275.62	12.338405
0x2FD582E0	5	969	969	1	0x0B9204CE	fxenv_fog1thick	3756.0437	-1222.7977	12.338405
0x2FD582E0	5	969	969	2	0xF8170EED	fxenv_fog2	3768.1267	-1328.442	10.151959
0x2FD582E0	5	969	969	3	0xF8170EED	fxenv_fog2	3747.691	-1319.3945	10.7295065
0x2FD582E0	5	969	969	4	0xF8170EED	fxenv_fog2	3800.7805	-1305.9955	19.487295
0x2FD582E0	5	969	969	5	0xF8170EED	fxenv_fog2	3796.8733	-1322.7574	19.48863
0x2FD582E0	5	969	969	6	0xFD8995C1	fxenv_smokestack_brn	3743.2517	-1076.4047	50.208622
0x2FFB4CB0	5	970	970	0	0x378D447E	fxenv_fog1	3507.0686	-545.46924	16.04076
0x2FFB4CB0	5	970	970	1	0x378D447E	fxenv_fog1	3478.6743	-470.5319	20.400038
0x302A3AE0	5	971	971	0	0x8010A402	fxenv_fountain1	3091.053	-759.93024	19.818089
0x302A3AE0	5	971	971	1	0x8010A402	fxenv_fountain1	3083.7415	-752.5993	19.818089
0x305DEF90	5	974	974	0	0x378D447E	fxenv_fog1	4035.1667	-1284.8182	8.934813
0x305DEF90	5	974	974	1	0x378D447E	fxenv_fog1	3890.6775	-1433.9802	-0.10466736
0x305DEF90	5	974	974	2	0x31FB2AB6	fxenv_small_steam2	4056.4846	-1266.5219	26.604258
0x305DEF90	5	974	974	3	0xAA7DAB77	fxenv_small_steam3	4031.8965	-1267.8766	26.529858
0x305DEF90	5	974	974	4	0x73EF880E	fxenv_smokestack_refinery	3912.1003	-1317.5594	69.017624
0x307BB4C0	5	975	975	0	0x378D447E	fxenv_fog1	3788.3706	-1471.2057	-2.6115918
0x307BB4C0	5	975	975	1	0x96AC4F78	fxenv_leaves1	3777.5103	-1515.0403	7.7676897
0x307BB4C0	5	975	975	2	0x96AC4F78	fxenv_leaves1	3719.4688	-1525.3088	3.8452117
0x307BB4C0	5	975	975	3	0x96AC4F78	fxenv_leaves1	3824.3203	-1488.9403	7.7676897
0x307BB4C0	5	975	975	4	0x96AC4F78	fxenv_leaves1	3821.0469	-1493.1423	7.5617723
0x3083FDF0	5	976	976	0	0x378D447E	fxenv_fog1	4461.367	-655.857	31.3925
0x3083FDF0	5	976	976	1	0x378D447E	fxenv_fog1	4529.235	-631.25653	31.723852
0x30CC7400	5	1041	1041	0	0xF8170EED	fxenv_fog2	3798.8809	-151.48233	34.868305
0x30CC7400	5	1041	1041	1	0xF8170EED	fxenv_fog2	3786.4756	-178.8157	35.880947
0x30CC7400	5	1041	1041	2	0xF8170EED	fxenv_fog2	3739.9634	-172.11917	36.10223
0x30DD36F0	5	1043	1043	0	0x378D447E	fxenv_fog1	5057.2856	-423.36935	29.80007
0x30DD36F0	5	1043	1043	1	0x378D447E	fxenv_fog1	5068.1006	-422.94467	29.826391
0x30DD36F0	5	1043	1043	2	0x0B9204CE	fxenv_fog1thick	4936.401	-423.85733	55.950077
0x30DD36F0	5	1043	1043	3	0xAA7DAB77	fxenv_small_steam3	4996.277	-483.19247	41.3125
0x30DD36F0	5	1043	1043	4	0xFD8995C1	fxenv_smokestack_brn	4979.329	-317.78403	109.413536
0x310019F0	5	1044	1044	0	0x378D447E	fxenv_fog1	5152.6606	-26.208199	34.60495
0x310019F0	5	1044	1044	1	0x378D447E	fxenv_fog1	5200.5527	-4.9510365	34.585346
0x310019F0	5	1044	1044	2	0x378D447E	fxenv_fog1	5167.6323	33.983833	34.881172
0x310019F0	5	1044	1044	3	0xAA7DAB77	fxenv_small_steam3	5315.435	11.783695	51.872787
0x3109F710	5	1045	1045	0	0x0B9204CE	fxenv_fog1thick	4726.678	13.831953	19.398756
0x3109F710	5	1045	1045	1	0x0B9204CE	fxenv_fog1thick	4573.273	86.02484	21.92777
0x3109F710	5	1045	1045	2	0xEFA8FADF	fxenv_torchfire2	4745.605	16.274557	21.885891
0x3117CFD0	5	1046	1046	0	0x378D447E	fxenv_fog1	4820.7944	-410.0436	40.23773
0x3121C710	5	1047	1047	0	0xAA7DAB77	fxenv_small_steam3	4915.38	-626.49744	40.499443
0x3121C710	5	1047	1047	1	0xFD8995C1	fxenv_smokestack_brn	4814.294	-673.88934	63.688057
0x3121C710	5	1047	1047	2	0x73EF880E	fxenv_smokestack_refinery	4918.3643	-703.76996	63.303955
0x3121C710	5	1047	1047	3	0x73EF880E	fxenv_smokestack_refinery	4921.652	-698.17474	63.78874
0x3121C710	5	1047	1047	4	0x73EF880E	fxenv_smokestack_refinery	4925.7134	-693.21185	63.78874
0x314470A0	5	1048	1048	0	0x378D447E	fxenv_fog1	4476.7925	-24.608444	36.024307
0x315E21C0	5	1050	1050	0	0xF8170EED	fxenv_fog2	4686.2075	-495.31335	25.375437
0x315E21C0	5	1050	1050	1	0xF8170EED	fxenv_fog2	4637.314	-528.7366	26.058176
0x315E21C0	5	1050	1050	2	0xF8170EED	fxenv_fog2	4775.2183	-464.55133	27.572805
0x316747F0	5	1051	1051	0	0x378D447E	fxenv_fog1	4603.4966	-830.532	15.088823
0x316747F0	5	1051	1051	1	0x378D447E	fxenv_fog1	4606.217	-823.00867	15.088823
0x316747F0	5	1051	1051	2	0x378D447E	fxenv_fog1	4626.556	-829.39185	15.088823
0x316747F0	5	1051	1051	3	0x378D447E	fxenv_fog1	4633.922	-819.0617	15.193408
0x316747F0	5	1051	1051	4	0x378D447E	fxenv_fog1	4537.11	-853.00854	16.282055
0x316747F0	5	1051	1051	5	0x31FB2AB6	fxenv_small_steam2	4644.9814	-820.49615	30.483038
0x316747F0	5	1051	1051	6	0x31FB2AB6	fxenv_small_steam2	4637.4565	-839.56433	30.483038
0x316EBD40	5	1052	1052	0	0x0B9204CE	fxenv_fog1thick	4563.2095	-437.51062	31.035837
0x316EBD40	5	1052	1052	1	0xF8170EED	fxenv_fog2	4588.988	-453.17163	28.880707
0x316EBD40	5	1052	1052	2	0x73EF880E	fxenv_smokestack_refinery	4563.0083	-396.95328	71.97736
0x31837270	5	1053	1053	0	0x73EF880E	fxenv_smokestack_refinery	4107.999	-436.32867	79.007996
0x31A5D230	5	1055	1055	0	0xFD888A4B	fxenv_chimney1	4196.0986	-854.5461	65.46563
0x31A5D230	5	1055	1055	1	0x378D447E	fxenv_fog1	4011.4973	-878.06683	35.30281
0x31A5D230	5	1055	1055	2	0x378D447E	fxenv_fog1	4051.5593	-873.48193	35.30644
0x31A5D230	5	1055	1055	3	0x378D447E	fxenv_fog1	4105.2163	-846.1413	35.340458
0x31ABA6E0	5	1056	1056	0	0x378D447E	fxenv_fog1	4487.7017	-977.36456	15.33715
0x31ABA6E0	5	1056	1056	1	0x0B9204CE	fxenv_fog1thick	4501.6753	-1057.9707	15.725856
0x31ABA6E0	5	1056	1056	2	0x96AC4F78	fxenv_leaves1	4475.289	-996.2972	29.475998
0x31ABA6E0	5	1056	1056	3	0x96AC4F78	fxenv_leaves1	4416.8667	-1014.5587	22.153051
0x31ABA6E0	5	1056	1056	4	0x96AC4F78	fxenv_leaves1	4579.48	-932.2585	25.449366
0x31B1B270	5	1057	1057	0	0x0B9204CE	fxenv_fog1thick	3905.576	-936.09515	46.345276
0x31B1B270	5	1057	1057	1	0x31FB2AB6	fxenv_small_steam2	3968.0193	-967.13226	59.877674
0x31B1B270	5	1057	1057	2	0x2F23057A	fxenv_smokestack	3937.568	-846.1657	80.02411
0x31C9AF70	5	1058	1058	0	0x96AC4F78	fxenv_leaves1	3633.6846	-721.7411	23.121078
0x31C9AF70	5	1058	1058	1	0x96AC4F78	fxenv_leaves1	3638.3384	-717.4005	14.494001
0x31D93020	5	1059	1059	0	0x378D447E	fxenv_fog1	4026.9165	-613.69714	31.685835
0x31D93020	5	1059	1059	1	0x378D447E	fxenv_fog1	4011.6768	-606.1724	31.658981
0x31D93020	5	1059	1059	2	0x73EF880E	fxenv_smokestack_refinery	4083.1555	-668.03204	80.82513
0x31EB4A60	5	1060	1060	0	0x0B9204CE	fxenv_fog1thick	4346.635	78.073456	23.270586
0x31EB4A60	5	1060	1060	1	0x0B9204CE	fxenv_fog1thick	4219.0503	36.326473	16.35551
0x31EB4A60	5	1060	1060	2	0x0B9204CE	fxenv_fog1thick	4004.4253	-28.032295	21.201357
0x31F5E980	5	1061	1061	0	0x378D447E	fxenv_fog1	3856.5989	-196.76524	36.41305
0x31F5E980	5	1061	1061	1	0x378D447E	fxenv_fog1	3962.2537	-175.05618	37.51003
0x31F5E980	5	1061	1061	2	0xF8170EED	fxenv_fog2	3881.4556	-223.23216	36.605392
0x323E11C0	5	1063	1063	0	0x378D447E	fxenv_fog1	4397.6963	-685.31866	30.220741
0x323E11C0	5	1063	1063	1	0x0B9204CE	fxenv_fog1thick	4299.089	-760.042	55.950077
0x323E11C0	5	1063	1063	2	0x31FB2AB6	fxenv_small_steam2	4289.5205	-722.32214	65.11556
0x324736F0	5	1064	1064	0	0x0B9204CE	fxenv_fog1thick	4756.4355	-631.9007	26.698626
0x324736F0	5	1064	1064	1	0x0B9204CE	fxenv_fog1thick	4723.8374	-689.52264	22.87422
0x324736F0	5	1064	1064	2	0x0B9204CE	fxenv_fog1thick	4727.558	-630.04346	23.48967
0x3250C3D0	5	1065	1065	0	0x378D447E	fxenv_fog1	4319.347	-877.97186	31.078775
0x3250C3D0	5	1065	1065	1	0x0B9204CE	fxenv_fog1thick	4291.6934	-890.45984	33.633675
0x3250C3D0	5	1065	1065	2	0x0B9204CE	fxenv_fog1thick	4431.3794	-829.4177	55.950077
0x3250C3D0	5	1065	1065	3	0x0B9204CE	fxenv_fog1thick	4468.482	-863.22156	18.952168
0x3250C3D0	5	1065	1065	4	0x31FB2AB6	fxenv_small_steam2	4475.7056	-867.8838	31.159342
0x3250C3D0	5	1065	1065	5	0x31FB2AB6	fxenv_small_steam2	4455.768	-865.9947	32.94522
0x32629DE0	5	1066	1066	0	0x378D447E	fxenv_fog1	4270.065	-1105.744	16.86247
0x32629DE0	5	1066	1066	1	0x378D447E	fxenv_fog1	4350.247	-1051.5267	16.465519
0x32629DE0	5	1066	1066	2	0x378D447E	fxenv_fog1	4247.435	-1168.5278	14.875792
0x32629DE0	5	1066	1066	3	0x0B9204CE	fxenv_fog1thick	4253.6396	-1198.44	14.29429
0x3293CD80	5	1068	1068	0	0x378D447E	fxenv_fog1	5103.6704	-48.553143	34.983032
0x3293CD80	5	1068	1068	1	0x0B9204CE	fxenv_fog1thick	5019.591	-82.64556	30.746355
0x3293CD80	5	1068	1068	2	0x31FB2AB6	fxenv_small_steam2	5084.577	-65.711044	53.44289
0x3293CD80	5	1068	1068	3	0x31FB2AB6	fxenv_small_steam2	5042.57	-104.1698	58.259975
0x3293CD80	5	1068	1068	4	0x73EF880E	fxenv_smokestack_refinery	4891.587	-328.05264	121.3762
0x32AAFB40	5	1069	1069	0	0xFD8995C1	fxenv_smokestack_brn	5217.2446	158.19632	103.19727
0x32D4CAA0	5	1070	1070	0	0x9576CACA	env_lavasparks1	5114.886	-390.0828	35.70808
0x32D4CAA0	5	1070	1070	1	0x9576CACA	env_lavasparks1	5112.489	-390.52725	30.601967
0x32D4CAA0	5	1070	1070	2	0x9576CACA	env_lavasparks1	5115.8857	-390.96042	30.506779
0x32D4CAA0	5	1070	1070	3	0x9576CACA	env_lavasparks1	5128.416	-369.889	31.245544
0x32D4CAA0	5	1070	1070	4	0x9576CACA	env_lavasparks1	5131.8135	-370.32217	31.150356
0x32D4CAA0	5	1070	1070	5	0x9576CACA	env_lavasparks1	5130.148	-369.9693	36.301075
0x32D4CAA0	5	1070	1070	6	0x9576CACA	env_lavasparks1	5141.3955	-344.10535	32.007812
0x32D4CAA0	5	1070	1070	7	0x9576CACA	env_lavasparks1	5144.7925	-344.5385	31.912624
0x32D4CAA0	5	1070	1070	8	0xA9FF07DB	env_lavasplatter1	5112.9526	-391.39764	35.70808
0x32D4CAA0	5	1070	1070	9	0xA9FF07DB	env_lavasplatter1	5115.218	-391.51102	35.70808
0x32D4CAA0	5	1070	1070	10	0xA9FF07DB	env_lavasplatter1	5129.3022	-369.73627	36.33952
0x32D4CAA0	5	1070	1070	11	0xA9FF07DB	env_lavasplatter1	5131.5596	-370.3971	36.573353
0x32D4CAA0	5	1070	1070	12	0xA9FF07DB	env_lavasplatter1	5142.153	-343.80615	37.136303
0x32D4CAA0	5	1070	1070	13	0xA9FF07DB	env_lavasplatter1	5144.181	-343.96448	37.851135
0x32D4CAA0	5	1070	1070	14	0x378D447E	fxenv_fog1	5102.5737	-418.17654	29.81823
0x32D4CAA0	5	1070	1070	15	0x378D447E	fxenv_fog1	5193.7344	-296.76932	33.19843
0x32D4CAA0	5	1070	1070	16	0x378D447E	fxenv_fog1	5177.308	-321.3526	32.44804
0x32D4CAA0	5	1070	1070	17	0x378D447E	fxenv_fog1	5130.088	-397.11108	30.124104
0x32D4CAA0	5	1070	1070	18	0x0B9204CE	fxenv_fog1thick	5065.393	-344.1001	28.104958
0x32D4CAA0	5	1070	1070	19	0x18333526	fxenv_lava1	5114.1255	-396.4799	29.875494
0x32D4CAA0	5	1070	1070	20	0x18333526	fxenv_lava1	5130.053	-375.78796	30.581835
0x32D4CAA0	5	1070	1070	21	0x18333526	fxenv_lava1	5143.027	-349.95508	31.378618
0x32D4CAA0	5	1070	1070	22	0x18333526	fxenv_lava1	5114.217	-391.8279	32.203686
0x32D4CAA0	5	1070	1070	23	0x18333526	fxenv_lava1	5130.144	-371.13602	32.91003
0x32D4CAA0	5	1070	1070	24	0x18333526	fxenv_lava1	5143.118	-345.30313	33.70681
0x32D4CAA0	5	1070	1070	25	0x4B54AD54	fxenv_small_steam1	5121.818	-388.81396	49.724827
0x32E546F0	5	1071	1071	0	0x31FB2AB6	fxenv_small_steam2	4072.0144	-1224.0787	23.538233
0x32E546F0	5	1071	1071	1	0x31FB2AB6	fxenv_small_steam2	4099.0723	-1211.7644	23.514187
0x32E546F0	5	1071	1071	2	0xFD8995C1	fxenv_smokestack_brn	4009.3955	-1186.4009	57.964676
0x32F6EEC0	5	1072	1072	0	0x4B54AD54	fxenv_small_steam1	3900.984	-1175.3114	48.43333
0x32F6EEC0	5	1072	1072	1	0x31FB2AB6	fxenv_small_steam2	3919.709	-1180.6613	48.43333
0x32F6EEC0	5	1072	1072	2	0xFD8995C1	fxenv_smokestack_brn	4001.6272	-1140.9481	55.344276
0x32F6EEC0	5	1072	1072	3	0xFD8995C1	fxenv_smokestack_brn	4002.219	-1129.3077	55.344276
0x33074B40	5	1073	1073	0	0x378D447E	fxenv_fog1	3801.4792	-885.3689	35.9999
0x33074B40	5	1073	1073	1	0x378D447E	fxenv_fog1	3822.6262	-906.3921	36.250175
0x33074B40	5	1073	1073	2	0x2F23057A	fxenv_smokestack	3722.864	-776.7102	65.03151
0x3320F4C0	5	1075	1075	0	0xF8170EED	fxenv_fog2	3818.8154	-328.48035	36.909344
0x3332E4E0	5	1077	1077	0	0x378D447E	fxenv_fog1	4115.8525	-99.823875	38.428764
0x3332E4E0	5	1077	1077	1	0x378D447E	fxenv_fog1	4321.7725	-52.461575	38.330666
0x3332E4E0	5	1077	1077	2	0x31FB2AB6	fxenv_small_steam2	4253.5693	-67.421646	37.18951
0x3332E4E0	5	1077	1077	3	0x31FB2AB6	fxenv_small_steam2	4273.638	-56.6843	37.142345
0x3332E4E0	5	1077	1077	4	0x31FB2AB6	fxenv_small_steam2	4269.2812	-82.43431	37.233135
0x3332E4E0	5	1077	1077	5	0x31FB2AB6	fxenv_small_steam2	4234.128	-71.698814	37.212894
0x3343B180	5	1079	1079	0	0xF8170EED	fxenv_fog2	4776.4395	-91.626305	39.900852
0x3343B180	5	1079	1079	1	0xF8170EED	fxenv_fog2	4753.3223	-96.98707	39.42842
0x33ED29E0	5	1147	1147	0	0xF8170EED	fxenv_fog2	-2468.9895	2269.4138	7.2114806
0x33ED29E0	5	1147	1147	1	0xF8170EED	fxenv_fog2	-2518.2317	2271.233	5.0734153
0x33ED29E0	5	1147	1147	2	0xF8170EED	fxenv_fog2	-2488.7441	2272.5022	6.2989264
0x344AEBC0	5	1149	1149	0	0xFD888A4B	fxenv_chimney1	-1824.2836	2180.9128	24.09453
0x344AEBC0	5	1149	1149	1	0xFD888A4B	fxenv_chimney1	-1820.3374	2196.7002	23.111353
0x344AEBC0	5	1149	1149	2	0xFD888A4B	fxenv_chimney1	-1834.97	2164.482	23.042799
0x344AEBC0	5	1149	1149	3	0xFD888A4B	fxenv_chimney1	-1846.3566	2170.0828	35.7657
0x344AEBC0	5	1149	1149	4	0xFD888A4B	fxenv_chimney1	-1853.0084	2117.2334	27.083855
0x344AEBC0	5	1149	1149	5	0xFD888A4B	fxenv_chimney1	-1862.2809	2092.3472	25.175545
0x344AEBC0	5	1149	1149	6	0xFD888A4B	fxenv_chimney1	-1938.7083	2116.375	14.375058
0x344AEBC0	5	1149	1149	7	0xFD888A4B	fxenv_chimney1	-1972.1726	2147.7197	13.440018
0x344AEBC0	5	1149	1149	8	0xFD888A4B	fxenv_chimney1	-1771.4023	2199.0747	24.946297
0x344AEBC0	5	1149	1149	9	0xF8170EED	fxenv_fog2	-1720.7195	2042.9447	20.331244
0x344AEBC0	5	1149	1149	10	0xF8170EED	fxenv_fog2	-1760.6782	2042.8138	17.781502
0x344AEBC0	5	1149	1149	11	0xF8170EED	fxenv_fog2	-1796.7515	2042.7938	16.124668
0x344AEBC0	5	1149	1149	12	0x8010A402	fxenv_fountain1	-1976.8225	2049.7163	12.408652
0x34755770	5	1150	1150	0	0xFD888A4B	fxenv_chimney1	-1652.9088	2203.1677	29.014322
0x34755770	5	1150	1150	1	0xFD888A4B	fxenv_chimney1	-1613.8906	2178.1716	29.113388
0x34755770	5	1150	1150	2	0xFD888A4B	fxenv_chimney1	-1607.9375	2171.0208	24.416016
0x34755770	5	1150	1150	3	0xFD888A4B	fxenv_chimney1	-1692.9288	2222.122	36.596386
0x34755770	5	1150	1150	4	0xFD888A4B	fxenv_chimney1	-1721.3069	2210.688	36.596386
0x34755770	5	1150	1150	5	0xFD888A4B	fxenv_chimney1	-1692.0942	2209.7527	27.01808
0x34755770	5	1150	1150	6	0xFD888A4B	fxenv_chimney1	-1536.8787	2066.7852	32.737774
0x34755770	5	1150	1150	7	0xF8170EED	fxenv_fog2	-1650.7189	2045.2977	20.923803
0x34755770	5	1150	1150	8	0xF8170EED	fxenv_fog2	-1690.7104	2039.109	20.131857
0x34DE7150	5	1153	1153	0	0x67306F57	fxenv_fountain3	-1575.8733	1881.7776	17.807875
0x34DE7150	5	1153	1153	1	0x67306F57	fxenv_fountain3	-1575.7676	1889.7526	18.739979
0x34DE7150	5	1153	1153	2	0x67306F57	fxenv_fountain3	-1577.2408	1899.2494	20.158552
0x34DE7150	5	1153	1153	3	0x67306F57	fxenv_fountain3	-1573.1567	1898.841	20.158552
0x34DE7150	5	1153	1153	4	0x67306F57	fxenv_fountain3	-1587.8318	1812.2455	11.223969
0x34DE7150	5	1153	1153	5	0x67306F57	fxenv_fountain3	-1585.9567	1822.4071	13.405047
0x34DE7150	5	1153	1153	6	0x67306F57	fxenv_fountain3	-1571.993	1888.8226	18.739979
0x34DE7150	5	1153	1153	7	0x39C8DA21	fxenv_torchfire1	-1582.3264	1929.3616	56.278725
0x34E701A0	5	1154	1154	0	0xF8170EED	fxenv_fog2	-2495.5352	2190.6658	1.3747476
0x34E701A0	5	1154	1154	1	0xF8170EED	fxenv_fog2	-2523.3647	2195.4133	-1.1316109
0x34E701A0	5	1154	1154	2	0xF8170EED	fxenv_fog2	-2538.2344	2198.0032	-0.58007765
0x34EC06A0	5	1155	1155	0	0x67306F57	fxenv_fountain3	-2358.9395	2149.1807	17.143593
0x34EC06A0	5	1155	1155	1	0x67306F57	fxenv_fountain3	-2367.4563	2150.5496	17.48968
0x34EC06A0	5	1155	1155	2	0x67306F57	fxenv_fountain3	-2375.517	2151.1646	17.063036
0x34EC06A0	5	1155	1155	3	0x67306F57	fxenv_fountain3	-2384.4897	2152.3079	17.24979
0x34EC06A0	5	1155	1155	4	0x67306F57	fxenv_fountain3	-2393.006	2153.0286	17.108358
0x34EC06A0	5	1155	1155	5	0x67306F57	fxenv_fountain3	-2401.523	2154.1248	17.093283
0x34EC06A0	5	1155	1155	6	0x67306F57	fxenv_fountain3	-2411.5723	2146.5295	16.997871
0x3507ECE0	5	1157	1157	0	0x378D447E	fxenv_fog1	-2260.3699	1997.1044	2.7956512
0x3507ECE0	5	1157	1157	1	0x378D447E	fxenv_fog1	-2288.116	2016.8583	4.0231137
0x3507ECE0	5	1157	1157	2	0x378D447E	fxenv_fog1	-2301.7617	1994.1683	4.2311735
0x3507ECE0	5	1157	1157	3	0x378D447E	fxenv_fog1	-2329.3257	2037.4065	5.9736447
0x3507ECE0	5	1157	1157	4	0x378D447E	fxenv_fog1	-2382.2253	2065.6863	5.9823356
0x3507ECE0	5	1157	1157	5	0x378D447E	fxenv_fog1	-2370.1616	1993.1669	9.150587
0x3507ECE0	5	1157	1157	6	0x378D447E	fxenv_fog1	-2382.9138	1985.2233	9.314595
0x3507ECE0	5	1157	1157	7	0x378D447E	fxenv_fog1	-2427.749	1991.7606	10.176383
0x3507ECE0	5	1157	1157	8	0xEFA8FADF	fxenv_torchfire2	-2370.3923	2017.8541	10.4837885
0x3507ECE0	5	1157	1157	9	0xEFA8FADF	fxenv_torchfire2	-2370.4397	2022.0948	10.4837885
0x3507ECE0	5	1157	1157	10	0xEFA8FADF	fxenv_torchfire2	-2372.7314	2017.4027	10.4837885
0x3507ECE0	5	1157	1157	11	0xEFA8FADF	fxenv_torchfire2	-2372.6992	2022.4501	10.4837885
0x3507ECE0	5	1157	1157	12	0xEFA8FADF	fxenv_torchfire2	-2369.1453	2019.9276	10.4837885
0x35352930	5	1158	1158	0	0x36FB97EF	fxenv_fountain4	-2090.0498	1968.4929	-3.7570386
0x35352930	5	1158	1158	1	0x437A9A0B	fxwtr_fountain1	-2090.0513	1968.4998	-0.7038939
0x354E3060	5	1159	1159	0	0x67306F57	fxenv_fountain3	-1869.908	1915.0994	5.787696
0x354E3060	5	1159	1159	1	0x67306F57	fxenv_fountain3	-1862.536	1913.8306	5.7945056
0x354E3060	5	1159	1159	2	0x67306F57	fxenv_fountain3	-1856.0994	1911.6793	5.7894206
0x354E3060	5	1159	1159	3	0x67306F57	fxenv_fountain3	-1849.9811	1909.5979	5.796297
0x354E3060	5	1159	1159	4	0x67306F57	fxenv_fountain3	-1844.5582	1906.6747	5.8105793
0x354E3060	5	1159	1159	5	0x67306F57	fxenv_fountain3	-1791.202	1830.0591	8.194492
0x354E3060	5	1159	1159	6	0x67306F57	fxenv_fountain3	-1839.3081	1903.7172	5.797431
0x354E3060	5	1159	1159	7	0x67306F57	fxenv_fountain3	-1834.291	1900.1348	5.8316174
0x354E3060	5	1159	1159	8	0x67306F57	fxenv_fountain3	-1829.3317	1896.3097	5.819313
0x354E3060	5	1159	1159	9	0x67306F57	fxenv_fountain3	-1820.1426	1884.5381	6.6413565
0x354E3060	5	1159	1159	10	0x67306F57	fxenv_fountain3	-1816.992	1878.8694	6.6425347
0x354E3060	5	1159	1159	11	0x67306F57	fxenv_fountain3	-1814.1624	1872.8129	6.65886
0x354E3060	5	1159	1159	12	0x67306F57	fxenv_fountain3	-1811.8372	1867.5846	6.666258
0x354E3060	5	1159	1159	13	0x67306F57	fxenv_fountain3	-1809.7238	1862.3885	6.6762896
0x354E3060	5	1159	1159	14	0x67306F57	fxenv_fountain3	-1807.7524	1857.7623	6.68275
0x354E3060	5	1159	1159	15	0x67306F57	fxenv_fountain3	-1805.5712	1853.4086	6.679674
0x354E3060	5	1159	1159	16	0x67306F57	fxenv_fountain3	-1803.447	1848.7545	6.6651773
0x354E3060	5	1159	1159	17	0x67306F57	fxenv_fountain3	-1787.3477	1825.6248	8.203543
0x354E3060	5	1159	1159	18	0x67306F57	fxenv_fountain3	-1783.4874	1821.476	8.187617
0x354E3060	5	1159	1159	19	0x67306F57	fxenv_fountain3	-1780.0454	1817.7865	8.205909
0x354E3060	5	1159	1159	20	0x67306F57	fxenv_fountain3	-1776.7117	1814.3268	8.214584
0x354E3060	5	1159	1159	21	0x67306F57	fxenv_fountain3	-1773.2257	1811.047	8.211991
0x354E3060	5	1159	1159	22	0x67306F57	fxenv_fountain3	-1769.6975	1807.4297	8.207976
0x354E3060	5	1159	1159	23	0x67306F57	fxenv_fountain3	-1766.4751	1803.7367	8.32344
0x35641270	5	1163	1163	0	0x378D447E	fxenv_fog1	-2425.343	2086.0703	8.498776
0x35641270	5	1163	1163	1	0x67306F57	fxenv_fountain3	-2412.5127	2138.2498	16.885647
0x35641270	5	1163	1163	2	0x67306F57	fxenv_fountain3	-2413.453	2129.9695	16.997871
0x35753B10	5	1165	1165	0	0xF8170EED	fxenv_fog2	-2440.009	2260.7578	5.8096986
0x35753B10	5	1165	1165	1	0xF8170EED	fxenv_fog2	-2414.7527	2260.7678	5.101956
0x35753B10	5	1165	1165	2	0xF8170EED	fxenv_fog2	-2429.5093	2263.131	5.282632
0x35753B10	5	1165	1165	3	0xF8170EED	fxenv_fog2	-2454.2969	2267.0842	6.8850226
0x3580ACF0	5	1441	1441	0	0x0B9204CE	fxenv_fog1thick	4366.012	-422.38873	37.77409
0x358E3250	5	1442	1442	0	0x73EF880E	fxenv_smokestack_refinery	4379.559	-365.365	81.28198
0x35B46330	5	1445	1445	0	0x0B9204CE	fxenv_fog1thick	4283.8	-1213.173	16.04964
0x35B7ED70	5	1446	1446	0	0x0B9204CE	fxenv_fog1thick	4005.456	-1451.7291	103.22031
0x35B7ED70	5	1446	1446	1	0xE016F4CB	fxenv_torchfire4	3997.998	-1461.3937	112.92384
0x35BE6E10	5	1449	1449	0	0xFD8995C1	fxenv_smokestack_brn	4133.6313	-990.1773	131.02853
0x35BF8400	5	1450	1450	0	0xFD8995C1	fxenv_smokestack_brn	4281.5596	-670.0157	116.95658
0x35BF8400	5	1450	1450	1	0xFD8995C1	fxenv_smokestack_brn	4214.6123	-664.8877	121.30685
0x35BF8400	5	1450	1450	2	0x73EF880E	fxenv_smokestack_refinery	4289.541	-696.745	135.87485
0x35BFD5C0	5	1451	1451	0	0x73EF880E	fxenv_smokestack_refinery	4553.8706	-745.9353	100.445854
0x35D07500	5	1452	1452	0	0x378D447E	fxenv_fog1	5305.904	-180.7281	35.191498
0x35D07500	5	1452	1452	1	0x378D447E	fxenv_fog1	5352.4453	-85.23619	34.24134
0x35D07500	5	1452	1452	2	0x378D447E	fxenv_fog1	5316.1797	-219.87814	68.12867
0x35D07500	5	1452	1452	3	0x4B54AD54	fxenv_small_steam1	5316.087	-220.09462	72.70888
0x35FB6380	5	1455	1455	0	0xF8170EED	fxenv_fog2	4384.65	-71.80038	36.318924
0x3600FBF0	5	1456	1456	0	0xF8170EED	fxenv_fog2	3816.7615	-133.48096	32.35187
0x361BE970	5	1459	1459	0	0xFD8995C1	fxenv_smokestack_brn	5246.679	178.75572	113.69828
0x361BE970	5	1459	1459	1	0x73EF880E	fxenv_smokestack_refinery	5285.616	142.23256	107.41522
0x361BE970	5	1459	1459	2	0x378D447E	fxenv_fog1	5329.7935	313.76105	44.59367
0x3636E800	5	1462	1462	0	0x0B9204CE	fxenv_fog1thick	4750.8804	-824.3574	55.950077
0x3636E800	5	1462	1462	1	0x31FB2AB6	fxenv_small_steam2	4786.721	-799.23425	61.280796
0x36BA92D0	5	1552	1552	0	0x0AEE710E	fxenv_fountain6	1866.9763	889.29297	97.11977
0x36E29830	5	1554	1554	0	0x8010A402	fxenv_fountain1	1422.1324	459.8651	61.663284
0x36E29830	5	1554	1554	1	0x8010A402	fxenv_fountain1	1429.3264	463.3972	61.663284
0x36E29830	5	1554	1554	2	0x8010A402	fxenv_fountain1	1424.5242	465.01285	63.06239
0x36E29830	5	1554	1554	3	0x0B9204CE	fxenv_fog1thick	1381.1719	404.67398	74.972206
0x36E29830	5	1554	1554	4	0x0B9204CE	fxenv_fog1thick	1374.6669	459.2596	74.13065
0x37022FE0	5	1556	1556	0	0x378D447E	fxenv_fog1	2510.1987	906.6278	29.394848
0x37022FE0	5	1556	1556	1	0x378D447E	fxenv_fog1	2517.6274	928.59576	27.104805
0x37103850	5	1557	1557	0	0x2F23057A	fxenv_smokestack	1557.3043	214.43774	75.72372
0x39B1D660	5	1755	1755	0	0x0AEE710E	fxenv_fountain6	-3447.7002	12373.085	126.63444
0x39B1D660	5	1755	1755	1	0x0AEE710E	fxenv_fountain6	-3448.3271	12391.198	125.09311
0x39B1D660	5	1755	1755	2	0x0AEE710E	fxenv_fountain6	-3435.363	12459.475	135.96233
0x39B1D660	5	1755	1755	3	0x85676C22	fxenv_fountain2	-3461.1152	12423.367	127.85806
0x3BA3B4F0	5	1849	1849	0	0x378D447E	fxenv_fog1	7189.252	11357.853	476.90982
0x3BE516F0	5	1852	1852	0	0x378D447E	fxenv_fog1	7214.3354	11984.607	195.7387
0x3BE516F0	5	1852	1852	1	0x378D447E	fxenv_fog1	7209.098	11970.794	197.92175
0x3BE516F0	5	1852	1852	2	0x378D447E	fxenv_fog1	7200.2915	11960.223	197.15913
0x3BE516F0	5	1852	1852	3	0x0B9204CE	fxenv_fog1thick	7270.586	11981.231	188.40689
0x3BE516F0	5	1852	1852	4	0x8010A402	fxenv_fountain1	7274.4375	12018.795	230.25586
0x3BE516F0	5	1852	1852	5	0x8010A402	fxenv_fountain1	7276.112	12006.212	231.00691
0x3BE516F0	5	1852	1852	6	0x8010A402	fxenv_fountain1	7294.4766	11994.416	232.05708
0x3BE516F0	5	1852	1852	7	0x85676C22	fxenv_fountain2	7277.59	11988.998	202.03267
0x3BE516F0	5	1852	1852	8	0x85676C22	fxenv_fountain2	7264.3774	11999.804	200.07468
0x3BE516F0	5	1852	1852	9	0x85676C22	fxenv_fountain2	7250.1113	12014.466	201.23283
0x3BE516F0	5	1852	1852	10	0x85676C22	fxenv_fountain2	7239.393	12025.297	202.33577
0x3BE516F0	5	1852	1852	11	0x0AEE710E	fxenv_fountain6	7285.786	11945.166	209.72743
0x3C8812B0	5	1856	1856	0	0x0AEE710E	fxenv_fountain6	4516.3296	8177.5166	350.983
0x3CB7D390	5	1857	1857	0	0x0AEE710E	fxenv_fountain6	4483.8936	8176.0215	354.0477
0x3CB7D390	5	1857	1857	1	0x0AEE710E	fxenv_fountain6	4500.109	8175.3394	348.7475
0x3E2F45D0	5	1949	1949	0	0x378D447E	fxenv_fog1	3920.354	11768.532	161.72604
0x3E2F45D0	5	1949	1949	1	0x378D447E	fxenv_fog1	3903.0386	11785.974	157.70898
0x3E2F45D0	5	1949	1949	2	0x378D447E	fxenv_fog1	3877.1719	11802.742	152.15074
0x3E2F45D0	5	1949	1949	3	0x378D447E	fxenv_fog1	3842.9119	11791.726	146.40738
0x3E2F45D0	5	1949	1949	4	0x378D447E	fxenv_fog1	3827.47	11793.2	144.6538
0x3E2F45D0	5	1949	1949	5	0x378D447E	fxenv_fog1	3789.7043	11780.129	142.50027
0x3E2F45D0	5	1949	1949	6	0x378D447E	fxenv_fog1	3771.1067	11772.712	142.20578
0x3E2F45D0	5	1949	1949	7	0x378D447E	fxenv_fog1	3736.7378	11765.257	141.66765
0x3E2F45D0	5	1949	1949	8	0x378D447E	fxenv_fog1	3723.769	11756.533	141.5775
0x3E2F45D0	5	1949	1949	9	0x378D447E	fxenv_fog1	3695.0674	11751.215	141.59746
0x3E2F45D0	5	1949	1949	10	0x378D447E	fxenv_fog1	3687.619	11760.417	140.44371
0x3E2F45D0	5	1949	1949	11	0x378D447E	fxenv_fog1	3677.2168	11779.927	137.61887
0x3E2F45D0	5	1949	1949	12	0x378D447E	fxenv_fog1	3666.8083	11790.818	136.43121
0x3E2F45D0	5	1949	1949	13	0x378D447E	fxenv_fog1	3660.8027	11811.238	133.87628
0x3E2F45D0	5	1949	1949	14	0x378D447E	fxenv_fog1	3669.8127	11824.63	131.15793
0x3E2F45D0	5	1949	1949	15	0x378D447E	fxenv_fog1	3685.6218	11843.897	127.740074
0x3E2F45D0	5	1949	1949	16	0x378D447E	fxenv_fog1	3694.7744	11867.295	123.901054
0x3E2F45D0	5	1949	1949	17	0x378D447E	fxenv_fog1	3702.6743	11879.731	120.986404
0x3E2F45D0	5	1949	1949	18	0x378D447E	fxenv_fog1	3719.779	11919.961	109.146484
0x3E2F45D0	5	1949	1949	19	0x378D447E	fxenv_fog1	3728.7695	11925.765	105.894295
0x3E2F45D0	5	1949	1949	20	0x378D447E	fxenv_fog1	3747.1846	11958.981	93.29715
0x3E2F45D0	5	1949	1949	21	0x378D447E	fxenv_fog1	3756.4812	11975.991	88.342964
0x3E2F45D0	5	1949	1949	22	0x378D447E	fxenv_fog1	3772.8398	12006.052	80.93437
0x3E6C7D60	5	1950	1950	0	0x378D447E	fxenv_fog1	3791.3247	12039.87	70.36352
0x3E6C7D60	5	1950	1950	1	0x378D447E	fxenv_fog1	3793.5874	12043.965	68.59035
0x3E6C7D60	5	1950	1950	2	0x378D447E	fxenv_fog1	3807.167	12068.402	57.671444
0x3E6C7D60	5	1950	1950	3	0x378D447E	fxenv_fog1	3819.16	12100.225	48.03035
0x3E6C7D60	5	1950	1950	4	0x378D447E	fxenv_fog1	3842.2673	12121.162	42.78207
0x3E6C7D60	5	1950	1950	5	0x378D447E	fxenv_fog1	3845.6575	12147.785	40.475742
0x3E6C7D60	5	1950	1950	6	0x378D447E	fxenv_fog1	3858.5427	12160.626	39.89254
0x3E6C7D60	5	1950	1950	7	0x378D447E	fxenv_fog1	3881.1833	12190.946	39.747696
0x3E6C7D60	5	1950	1950	8	0x378D447E	fxenv_fog1	3886.5564	12210.831	38.786915
0x3E6C7D60	5	1950	1950	9	0x378D447E	fxenv_fog1	3899.2068	12243.739	35.817616
0x3E6C7D60	5	1950	1950	10	0x378D447E	fxenv_fog1	3913.2935	12258.701	34.012615
0x3E6C7D60	5	1950	1950	11	0x378D447E	fxenv_fog1	3938.5515	12274.111	32.102734
0x3E6C7D60	5	1950	1950	12	0x378D447E	fxenv_fog1	3931.2673	12294.314	31.055859
0x3E6C7D60	5	1950	1950	13	0x378D447E	fxenv_fog1	3946.7273	12352.029	27.2991
0x3E6C7D60	5	1950	1950	14	0x378D447E	fxenv_fog1	3948.1074	12381.96	25.63625
0x3E6C7D60	5	1950	1950	15	0x378D447E	fxenv_fog1	3945.1174	12411.776	24.122149
0x3E6C7D60	5	1950	1950	16	0x378D447E	fxenv_fog1	3942.942	12442.393	22.809374
0x3E6C7D60	5	1950	1950	17	0x378D447E	fxenv_fog1	3931.5193	12459.817	22.055742
0x3E6C7D60	5	1950	1950	18	0x378D447E	fxenv_fog1	3920.6028	12470.979	21.557695
0x3E6C7D60	5	1950	1950	19	0x378D447E	fxenv_fog1	3900.7869	12511.234	20.308867
0x3E6C7D60	5	1950	1950	20	0x378D447E	fxenv_fog1	3888.9995	12527.422	19.834335
0x3E6C7D60	5	1950	1950	21	0x378D447E	fxenv_fog1	3869.0144	12556.167	19.092382
0x3E6C7D60	5	1950	1950	22	0x378D447E	fxenv_fog1	3864.76	12576.011	18.822031
0x3E6C7D60	5	1950	1950	23	0x378D447E	fxenv_fog1	3848.8755	12591.774	18.648085
0x3E8426A0	5	1951	1951	0	0x378D447E	fxenv_fog1	3968.5632	11486.264	234.80894
0x3E8426A0	5	1951	1951	1	0x378D447E	fxenv_fog1	3970.1143	11502.52	232.88606
0x3E8426A0	5	1951	1951	2	0x378D447E	fxenv_fog1	3952.0242	11521.147	228.2535
0x3E8426A0	5	1951	1951	3	0x378D447E	fxenv_fog1	3903.4163	11554.837	219.1954
0x3E8426A0	5	1951	1951	4	0x378D447E	fxenv_fog1	3890.6106	11562.12	216.35156
0x3E8426A0	5	1951	1951	5	0x378D447E	fxenv_fog1	3855.353	11577.061	205.25949
0x3E8426A0	5	1951	1951	6	0x378D447E	fxenv_fog1	3816.383	11574.379	199.73398
0x3E8426A0	5	1951	1951	7	0x378D447E	fxenv_fog1	3795.8545	11573.716	199.14313
0x3E8426A0	5	1951	1951	8	0x378D447E	fxenv_fog1	3777.678	11564.27	198.5434
0x3E8426A0	5	1951	1951	9	0x378D447E	fxenv_fog1	3737.6172	11556.561	197.61629
0x3E8426A0	5	1951	1951	10	0x378D447E	fxenv_fog1	3717.958	11563.372	196.78629
0x3E8426A0	5	1951	1951	11	0x378D447E	fxenv_fog1	3708.173	11565.421	196.54453
0x3E8426A0	5	1951	1951	12	0x378D447E	fxenv_fog1	3694.241	11570.897	196.09125
0x3E8426A0	5	1951	1951	13	0x378D447E	fxenv_fog1	3680.245	11584.786	194.97684
0x3E8426A0	5	1951	1951	14	0x378D447E	fxenv_fog1	3676.1975	11606.641	192.92038
0x3E8426A0	5	1951	1951	15	0x378D447E	fxenv_fog1	3687.6106	11623.907	188.72702
0x3E8426A0	5	1951	1951	16	0x378D447E	fxenv_fog1	3703.5908	11641.301	184.79219
0x3E8426A0	5	1951	1951	17	0x378D447E	fxenv_fog1	3728.2344	11649.585	183.7471
0x3E8426A0	5	1951	1951	18	0x378D447E	fxenv_fog1	3766.6267	11655.2705	185.4396
0x3E8426A0	5	1951	1951	19	0x378D447E	fxenv_fog1	3791.6143	11654.925	186.22488
0x3E8426A0	5	1951	1951	20	0x378D447E	fxenv_fog1	3820.6477	11647.631	185.51613
0x3E8426A0	5	1951	1951	21	0x378D447E	fxenv_fog1	3844.8577	11641.613	184.04024
0x3E8426A0	5	1951	1951	22	0x378D447E	fxenv_fog1	3879.485	11641.917	180.94246
0x3E8426A0	5	1951	1951	23	0x378D447E	fxenv_fog1	3901.3184	11653.257	177.8735
0x3E8426A0	5	1951	1951	24	0x378D447E	fxenv_fog1	3904.9683	11656.617	177.24918
0x3E8426A0	5	1951	1951	25	0x378D447E	fxenv_fog1	3926.3293	11684.101	173.8471
0x3E8426A0	5	1951	1951	26	0x378D447E	fxenv_fog1	3935.678	11717.252	169.87636
0x3EAA5AE0	5	1952	1952	0	0x378D447E	fxenv_fog1	3872.2146	11299.252	372.5342
0x3EAA5AE0	5	1952	1952	1	0x378D447E	fxenv_fog1	3877.2134	11304.457	372.08875
0x3EAA5AE0	5	1952	1952	2	0x378D447E	fxenv_fog1	3863.1274	11320.502	366.13538
0x3EAA5AE0	5	1952	1952	3	0x378D447E	fxenv_fog1	3850.3953	11347.846	359.28726
0x3EAA5AE0	5	1952	1952	4	0x378D447E	fxenv_fog1	3816.1472	11353.488	348.79605
0x3EAA5AE0	5	1952	1952	5	0x378D447E	fxenv_fog1	3787.0981	11349.889	342.70624
0x3EAA5AE0	5	1952	1952	6	0x378D447E	fxenv_fog1	3766.432	11348.34	340.211
0x3EAA5AE0	5	1952	1952	7	0x378D447E	fxenv_fog1	3759.0183	11339.884	339.40698
0x3EAA5AE0	5	1952	1952	8	0x378D447E	fxenv_fog1	3731.9688	11326.933	338.2606
0x3EAA5AE0	5	1952	1952	9	0x378D447E	fxenv_fog1	3698.8447	11316.806	335.5673
0x3EAA5AE0	5	1952	1952	10	0x378D447E	fxenv_fog1	3676.2913	11306.202	333.01477
0x3EAA5AE0	5	1952	1952	11	0x378D447E	fxenv_fog1	3592.7393	11313.014	327.69617
0x3EAA5AE0	5	1952	1952	12	0x378D447E	fxenv_fog1	3569.5974	11331.531	325.31516
0x3EAA5AE0	5	1952	1952	13	0x378D447E	fxenv_fog1	3561.6865	11359.447	321.17572
0x3EAA5AE0	5	1952	1952	14	0x378D447E	fxenv_fog1	3576.0227	11389.514	315.34338
0x3EAA5AE0	5	1952	1952	15	0x378D447E	fxenv_fog1	3578.138	11390.921	314.87726
0x3EAA5AE0	5	1952	1952	16	0x378D447E	fxenv_fog1	3603.7595	11398.696	309.92206
0x3EAA5AE0	5	1952	1952	17	0x378D447E	fxenv_fog1	3638.0217	11395.738	304.9558
0x3EAA5AE0	5	1952	1952	18	0x378D447E	fxenv_fog1	3647.2568	11392.031	303.9457
0x3EAA5AE0	5	1952	1952	19	0x378D447E	fxenv_fog1	3677.2139	11381.038	299.54303
0x3EAA5AE0	5	1952	1952	20	0x378D447E	fxenv_fog1	3691.866	11382.586	296.9868
0x3EAA5AE0	5	1952	1952	21	0x378D447E	fxenv_fog1	3720.7566	11395.711	290.5881
0x3EAA5AE0	5	1952	1952	22	0x378D447E	fxenv_fog1	3732.444	11411.076	286.18536
0x3EAA5AE0	5	1952	1952	23	0x378D447E	fxenv_fog1	3735.2144	11429.196	283.26837
0x3EAA5AE0	5	1952	1952	24	0x378D447E	fxenv_fog1	3768.4185	11448.0625	275.27286
0x3EAA5AE0	5	1952	1952	25	0x378D447E	fxenv_fog1	3816.6562	11446.83	264.02844
0x3EAA5AE0	5	1952	1952	26	0x378D447E	fxenv_fog1	3833.8472	11437.339	258.0483
0x3EAA5AE0	5	1952	1952	27	0x378D447E	fxenv_fog1	3858.1267	11435.353	250.82245
0x3EAA5AE0	5	1952	1952	28	0x378D447E	fxenv_fog1	3896.354	11425.555	245.19588
0x3EAA5AE0	5	1952	1952	29	0x378D447E	fxenv_fog1	3925.0015	11430.873	243.54167
0x3EAA5AE0	5	1952	1952	30	0x378D447E	fxenv_fog1	3944.2156	11434.221	242.86559
0x3EAA5AE0	5	1952	1952	31	0x378D447E	fxenv_fog1	3962.2812	11457.552	239.27092
0x3ECA4130	5	1953	1953	0	0x378D447E	fxenv_fog1	3880.0225	11079.3545	441.7756
0x3ECA4130	5	1953	1953	1	0x378D447E	fxenv_fog1	3855.44	11101.457	436.3264
0x3ECA4130	5	1953	1953	2	0x378D447E	fxenv_fog1	3835.9192	11104.832	433.76816
0x3ECA4130	5	1953	1953	3	0x378D447E	fxenv_fog1	3776.3005	11108.591	425.77707
0x3ECA4130	5	1953	1953	4	0x378D447E	fxenv_fog1	3722.9006	11110.144	417.83655
0x3ECA4130	5	1953	1953	5	0x378D447E	fxenv_fog1	3709.969	11117.6045	416.38586
0x3ECA4130	5	1953	1953	6	0x378D447E	fxenv_fog1	3679.3765	11150.099	413.13992
0x3ECA4130	5	1953	1953	7	0x378D447E	fxenv_fog1	3664.7751	11197.08	409.20715
0x3ECA4130	5	1953	1953	8	0x378D447E	fxenv_fog1	3666.1472	11206.903	407.9396
0x3ECA4130	5	1953	1953	9	0x378D447E	fxenv_fog1	3666.8196	11209.291	407.58636
0x3ECA4130	5	1953	1953	10	0x378D447E	fxenv_fog1	3687.0469	11233.032	401.78085
0x3ECA4130	5	1953	1953	11	0x378D447E	fxenv_fog1	3715.6577	11244.384	395.90936
0x3ECA4130	5	1953	1953	12	0x378D447E	fxenv_fog1	3723.664	11233.029	393.2534
0x3ECA4130	5	1953	1953	13	0x378D447E	fxenv_fog1	3747.8918	11228.903	389.9419
0x3ECA4130	5	1953	1953	14	0x378D447E	fxenv_fog1	3765.7231	11220.029	388.0004
0x3ECA4130	5	1953	1953	15	0x378D447E	fxenv_fog1	3791.866	11212.334	385.81155
0x3ECA4130	5	1953	1953	16	0x378D447E	fxenv_fog1	3822.0425	11222.607	383.23206
0x3ECA4130	5	1953	1953	17	0x378D447E	fxenv_fog1	3853.9849	11253.816	379.40988
0x3ECA4130	5	1953	1953	18	0x378D447E	fxenv_fog1	3861.978	11266.441	377.94733
0x3ECA4130	5	1953	1953	19	0x378D447E	fxenv_fog1	3864.2568	11270.858	377.35703
0x3EE850D0	5	1954	1954	0	0xF8170EED	fxenv_fog2	3664.0964	10942.616	483.62027
0x3EE850D0	5	1954	1954	1	0xF8170EED	fxenv_fog2	3661.503	10926.12	485.99225
0x3EE850D0	5	1954	1954	2	0xF8170EED	fxenv_fog2	3655.6418	10917.438	488.4649
0x3EE850D0	5	1954	1954	3	0xF8170EED	fxenv_fog2	3656.2952	10910.206	489.8293
0x3EE850D0	5	1954	1954	4	0xF8170EED	fxenv_fog2	3669.4934	10900.886	490.97156
0x3EE850D0	5	1954	1954	5	0xF8170EED	fxenv_fog2	3660.1467	10898.501	491.77625
0x3EE850D0	5	1954	1954	6	0xF8170EED	fxenv_fog2	3665.3481	10883.037	494.11026
0x3EE850D0	5	1954	1954	7	0xF8170EED	fxenv_fog2	3656.2031	10924.871	487.05014
0x3EE850D0	5	1954	1954	8	0x378D447E	fxenv_fog1	3922.0908	10801.913	527.5062
0x3EE850D0	5	1954	1954	9	0x378D447E	fxenv_fog1	3912.3098	10816.587	524.1997
0x3EE850D0	5	1954	1954	10	0x378D447E	fxenv_fog1	3916.3052	10835.992	523.0278
0x3EE850D0	5	1954	1954	11	0x378D447E	fxenv_fog1	3909.3376	10837.635	521.7706
0x3EE850D0	5	1954	1954	12	0x378D447E	fxenv_fog1	3896.6555	10849.321	519.5802
0x3EE850D0	5	1954	1954	13	0x378D447E	fxenv_fog1	3888.0234	10848.49	518.12115
0x3EE850D0	5	1954	1954	14	0x378D447E	fxenv_fog1	3866.7969	10860.957	515.40137
0x3EE850D0	5	1954	1954	15	0x378D447E	fxenv_fog1	3814.753	10863.756	509.9751
0x3EE850D0	5	1954	1954	16	0x378D447E	fxenv_fog1	3750.5461	10868.08	500.04944
0x3EE850D0	5	1954	1954	17	0x378D447E	fxenv_fog1	3691.711	10871.46	495.55093
0x3EE850D0	5	1954	1954	18	0x378D447E	fxenv_fog1	3658.1892	10903.047	491.05603
0x3EE850D0	5	1954	1954	19	0x378D447E	fxenv_fog1	3666.3237	10924.935	485.39288
0x3EE850D0	5	1954	1954	20	0x378D447E	fxenv_fog1	3658.0752	10932.006	485.70538
0x3EE850D0	5	1954	1954	21	0x378D447E	fxenv_fog1	3664.0964	10942.616	483.62027
0x3EE850D0	5	1954	1954	22	0x378D447E	fxenv_fog1	3666.4744	10956.714	483.04245
0x3EE850D0	5	1954	1954	23	0x378D447E	fxenv_fog1	3699.3965	10957.575	477.11987
0x3EE850D0	5	1954	1954	24	0x378D447E	fxenv_fog1	3710.5815	10958.268	475.35495
0x3EE850D0	5	1954	1954	25	0x378D447E	fxenv_fog1	3753.8184	10958.723	469.02332
0x3EE850D0	5	1954	1954	26	0x378D447E	fxenv_fog1	3797.1206	10967.7	462.76065
0x3EE850D0	5	1954	1954	27	0x378D447E	fxenv_fog1	3808.488	10969.193	461.14758
0x3EE850D0	5	1954	1954	28	0x378D447E	fxenv_fog1	3820.5493	10992.323	456.9984
0x3EE850D0	5	1954	1954	29	0x378D447E	fxenv_fog1	3831.106	11016.108	453.28625
0x3EE850D0	5	1954	1954	30	0x378D447E	fxenv_fog1	3850.2935	11024.679	451.23514
0x3EE850D0	5	1954	1954	31	0x378D447E	fxenv_fog1	3877.91	11039.145	448.65686
0x3EE850D0	5	1954	1954	32	0x378D447E	fxenv_fog1	3880.792	11052.825	446.3324
0x3F09EB60	5	1955	1955	0	0x378D447E	fxenv_fog1	3377.3198	10683.929	614.9662
0x3F09EB60	5	1955	1955	1	0x378D447E	fxenv_fog1	3440.9302	10691.904	606.21234
0x3F09EB60	5	1955	1955	2	0x378D447E	fxenv_fog1	3485.2764	10692.351	599.8209
0x3F09EB60	5	1955	1955	3	0x378D447E	fxenv_fog1	3490.2236	10692.335	599.07214
0x3F09EB60	5	1955	1955	4	0x378D447E	fxenv_fog1	3519.9055	10692.206	594.5257
0x3F09EB60	5	1955	1955	5	0x378D447E	fxenv_fog1	3544.6487	10687.192	590.7816
0x3F09EB60	5	1955	1955	6	0x378D447E	fxenv_fog1	3564.4277	10692.192	587.7673
0x3F09EB60	5	1955	1955	7	0x378D447E	fxenv_fog1	3574.3137	10692.192	586.2514
0x3F09EB60	5	1955	1955	8	0x378D447E	fxenv_fog1	3589.143	10692.192	583.9678
0x3F09EB60	5	1955	1955	9	0x378D447E	fxenv_fog1	3628.6885	10692.096	577.8448
0x3F09EB60	5	1955	1955	10	0x378D447E	fxenv_fog1	3668.2583	10692.192	571.8454
0x3F09EB60	5	1955	1955	11	0x378D447E	fxenv_fog1	3697.9358	10693.424	567.45233
0x3F09EB60	5	1955	1955	12	0x378D447E	fxenv_fog1	3702.8823	10693.693	566.719
0x3F09EB60	5	1955	1955	13	0x378D447E	fxenv_fog1	3717.7122	10694.645	564.5325
0x3F09EB60	5	1955	1955	14	0x378D447E	fxenv_fog1	3761.2205	10704.415	558.04785
0x3F09EB60	5	1955	1955	15	0x378D447E	fxenv_fog1	3782.728	10698.504	556.09595
0x3F09EB60	5	1955	1955	16	0x378D447E	fxenv_fog1	3816.537	10708.431	550.80554
0x3F09EB60	5	1955	1955	17	0x378D447E	fxenv_fog1	3822.11	10721.2	548.3341
0x3F09EB60	5	1955	1955	18	0x378D447E	fxenv_fog1	3863.8445	10735.957	540.6441
0x3F09EB60	5	1955	1955	19	0x378D447E	fxenv_fog1	3895.9424	10758.7295	533.93915
0x3F09EB60	5	1955	1955	20	0x378D447E	fxenv_fog1	3915.52	10792.559	528.2307
0x42BD7510	5	2051	2051	0	0x378D447E	fxenv_fog1	-1273.0444	8158.118	0.45403823
0x42BD7510	5	2051	2051	1	0x378D447E	fxenv_fog1	-1279.7988	8185.233	0.46094644
0x42BD7510	5	2051	2051	2	0x378D447E	fxenv_fog1	-1201.276	8222.22	0.45557165
0x42BD7510	5	2051	2051	3	0x378D447E	fxenv_fog1	-1177.4078	8177.8823	0.4304867
0x42BD7510	5	2051	2051	4	0x378D447E	fxenv_fog1	-1083.0299	8148.5894	0.41748092
0x42BD7510	5	2051	2051	5	0x378D447E	fxenv_fog1	-1083.5245	8180.5547	0.41748092
0x42BD7510	5	2051	2051	6	0x378D447E	fxenv_fog1	-1018.7336	8204.765	0.417481
0x42BD7510	5	2051	2051	7	0x378D447E	fxenv_fog1	-1002.19867	8178.1494	0.41748092
0x42BD7510	5	2051	2051	8	0x378D447E	fxenv_fog1	-1130.7323	7665.744	0.4219517
0x42BD7510	5	2051	2051	9	0x378D447E	fxenv_fog1	-1133.3633	7687.8516	0.4174809
0x42BD7510	5	2051	2051	10	0x378D447E	fxenv_fog1	-1105.3567	7632.9062	0.43262824
0x42BD7510	5	2051	2051	11	0x378D447E	fxenv_fog1	-1043.1556	7726.191	0.42884475
0x42BD7510	5	2051	2051	12	0x378D447E	fxenv_fog1	-1322.2416	7712.8223	0.43057495
0x42BD7510	5	2051	2051	13	0x378D447E	fxenv_fog1	-1292.4313	7870.893	0.40767273
0x42BD7510	5	2051	2051	14	0x378D447E	fxenv_fog1	-1440.6218	7822.2017	0.39734817
0x42BD7510	5	2051	2051	15	0x378D447E	fxenv_fog1	-1392.6106	7903.3667	0.48391172
0x42BD7510	5	2051	2051	16	0x378D447E	fxenv_fog1	-1273.3917	7950.228	0.48713073
0x42BD7510	5	2051	2051	17	0x378D447E	fxenv_fog1	-1240.6472	7928.0454	0.40386137
0x42BD7510	5	2051	2051	18	0x378D447E	fxenv_fog1	-1225.4159	7420.083	-0.010195732
0x42BD7510	5	2051	2051	19	0x378D447E	fxenv_fog1	-1246.7426	7479.606	-0.010195732
0x42BD7510	5	2051	2051	20	0x378D447E	fxenv_fog1	-1139.4974	7465.47	-0.010195732
0x42BD7510	5	2051	2051	21	0x378D447E	fxenv_fog1	-1157.2788	7480.5205	0.101306885
0x42BD7510	5	2051	2051	22	0x378D447E	fxenv_fog1	-1165.0715	7510.316	0.22693343
0x42BD7510	5	2051	2051	23	0x378D447E	fxenv_fog1	-1308.3748	7408.4155	-0.010195741
0x42BD7510	5	2051	2051	24	0x378D447E	fxenv_fog1	-1357.0254	7462.436	-0.010195732
0x42BD7510	5	2051	2051	25	0x378D447E	fxenv_fog1	-1306.9806	7637.6675	0.45635468
0x42BD7510	5	2051	2051	26	0x378D447E	fxenv_fog1	-1371.3217	7645.9106	0.46143523
0x42BD7510	5	2051	2051	27	0x378D447E	fxenv_fog1	-1098.2396	7876.2417	0.4265997
0x42BD7510	5	2051	2051	28	0x378D447E	fxenv_fog1	-1134.0482	7817.327	0.41259128
0x42BD7510	5	2051	2051	29	0x378D447E	fxenv_fog1	-1004.8161	8030.6025	0.41748092
0x42BD7510	5	2051	2051	30	0x378D447E	fxenv_fog1	-1029.2231	8100.641	0.41748092
0x42BD7510	5	2051	2051	31	0x378D447E	fxenv_fog1	-1265.1434	7629.6284	-0.010195732
0x42BD7510	5	2051	2051	32	0x378D447E	fxenv_fog1	-1273.8075	7615.0044	-0.010195732
0x42BD7510	5	2051	2051	33	0x378D447E	fxenv_fog1	-1270.1586	7604.856	-0.010195732
0x42BD7510	5	2051	2051	34	0x378D447E	fxenv_fog1	-1274.4744	7594.981	-0.010195732
0x42BD7510	5	2051	2051	35	0x378D447E	fxenv_fog1	-1270.9838	7579.8555	-0.010195732
0x42BD7510	5	2051	2051	36	0x378D447E	fxenv_fog1	-1271.1857	7574.854	-0.010195732
0x42BD7510	5	2051	2051	37	0x378D447E	fxenv_fog1	-1263.8191	7559.5425	-0.010195732
0x42BD7510	5	2051	2051	38	0x378D447E	fxenv_fog1	-1272.1511	7549.853	-0.010195732
0x42BD7510	5	2051	2051	39	0x378D447E	fxenv_fog1	-1268.3217	7539.8315	-0.010195732
0x42BD7510	5	2051	2051	40	0x378D447E	fxenv_fog1	-1268.9397	7505.1094	-0.010195732
0x42BD7510	5	2051	2051	41	0x0978DA3C	fxenv_moths1	-1260.5385	8177.157	18.394863
0x42BD7510	5	2051	2051	42	0x0978DA3C	fxenv_moths1	-1261.2769	8178.229	18.394863
0x42BD7510	5	2051	2051	43	0x0978DA3C	fxenv_moths1	-1261.1031	8179.518	18.394863
0x42BD7510	5	2051	2051	44	0x0978DA3C	fxenv_moths1	-1259.9171	8180.2617	18.394863
0x42BD7510	5	2051	2051	45	0x0978DA3C	fxenv_moths1	-1258.2222	8179.5635	18.394863
0x42BD7510	5	2051	2051	46	0x0978DA3C	fxenv_moths1	-1258.2786	8178.4917	18.46284
0x42BD7510	5	2051	2051	47	0x0978DA3C	fxenv_moths1	-1258.3191	8177.266	18.465435
0x42BD7510	5	2051	2051	48	0x0978DA3C	fxenv_moths1	-1259.3384	8176.895	18.394863
0x42BD7510	5	2051	2051	49	0x0978DA3C	fxenv_moths1	-1207.6339	8207.11	18.394863
0x42BD7510	5	2051	2051	50	0x0978DA3C	fxenv_moths1	-1207.7977	8208.444	18.394863
0x42BD7510	5	2051	2051	51	0x0978DA3C	fxenv_moths1	-1209.1151	8208.768	18.568712
0x42BD7510	5	2051	2051	52	0x0978DA3C	fxenv_moths1	-1210.1272	8208.357	18.46284
0x42BD7510	5	2051	2051	53	0x0978DA3C	fxenv_moths1	-1210.4052	8207.276	18.517277
0x42BD7510	5	2051	2051	54	0x0978DA3C	fxenv_moths1	-1209.923	8206.476	18.517277
0x42BD7510	5	2051	2051	55	0x0978DA3C	fxenv_moths1	-1209.1166	8206.152	18.568712
0x42BD7510	5	2051	2051	56	0x0978DA3C	fxenv_moths1	-1208.2141	8206.456	18.59002
